zone,target_datetime,predicted_demand_mw,prediction_time,target_date
Bruce,2026-08-28 19:00:00,57.88285569123552,2026-08-28 22:19:51.319537,2026-08-28
Bruce,2026-08-28 20:00:00,58.728480911556694,2026-08-28 22:19:51.319537,2026-08-28
Bruce,2026-08-28 21:00:00,65.48127935971951,2026-08-28 22:19:51.319537,2026-08-28
Bruce,2026-08-28 22:00:00,63.03999107404434,2026-08-28 22:19:51.319537,2026-08-28
Bruce,2026-08-28 23:00:00,54.95691675853734,2026-08-28 22:19:51.319537,2026-08-28
Bruce,2026-08-29 00:00:00,53.99574934209918,2026-08-28 22:19:51.319537,2026-08-29
Bruce,2026-08-29 01:00:00,51.32782331138439,2026-08-28 22:19:51.319537,2026-08-29
Bruce,2026-08-29 02:00:00,51.25064869180059,2026-08-28 22:19:51.319537,2026-08-29
Bruce,2026-08-29 03:00:00,51.9956216284799,2026-08-28 22:19:51.319537,2026-08-29
Bruce,2026-08-29 04:00:00,63.01282044276623,2026-08-28 22:19:51.319537,2026-08-29
Bruce,2026-08-29 05:00:00,61.91717884236331,2026-08-28 22:19:51.319537,2026-08-29
Bruce,2026-08-29 06:00:00,52.42939370769296,2026-08-28 22:19:51.319537,2026-08-29
Bruce,2026-08-29 07:00:00,53.067801338757214,2026-08-28 22:19:51.319537,2026-08-29
Bruce,2026-08-29 08:00:00,64.48609651299992,2026-08-28 22:19:51.319537,2026-08-29
Bruce,2026-08-29 09:00:00,61.42070479363237,2026-08-28 22:19:51.319537,2026-08-29
Bruce,2026-08-29 10:00:00,45.0243338975394,2026-08-28 22:19:51.319537,2026-08-29
Bruce,2026-08-29 11:00:00,45.42805387345553,2026-08-28 22:19:51.319537,2026-08-29
Bruce,2026-08-29 12:00:00,56.40978279898828,2026-08-28 22:19:51.319537,2026-08-29
Bruce,2026-08-29 13:00:00,56.84046100410482,2026-08-28 22:19:51.319537,2026-08-29
Bruce,2026-08-29 14:00:00,56.977682605964425,2026-08-28 22:19:51.319537,2026-08-29
Bruce,2026-08-29 15:00:00,56.86587531014772,2026-08-28 22:19:51.319537,2026-08-29
Bruce,2026-08-29 16:00:00,45.341906707538854,2026-08-28 22:19:51.319537,2026-08-29
Bruce,2026-08-29 17:00:00,46.412302457329446,2026-08-28 22:19:51.319537,2026-08-29
Bruce,2026-08-29 18:00:00,57.91762287499299,2026-08-28 22:19:51.319537,2026-08-29
Bruce,2026-08-29 19:00:00,63.04974388551975,2026-08-28 22:19:51.319537,2026-08-29
Bruce,2026-08-29 20:00:00,62.3218994192762,2026-08-28 22:19:51.319537,2026-08-29
Bruce,2026-08-29 21:00:00,50.72097268426334,2026-08-28 22:19:51.319537,2026-08-29
Bruce,2026-08-29 22:00:00,42.61661516039374,2026-08-28 22:19:51.319537,2026-08-29
Bruce,2026-08-29 23:00:00,49.89443436217673,2026-08-28 22:19:51.319537,2026-08-29
Bruce,2026-08-30 00:00:00,56.595639128336344,2026-08-28 22:19:51.319537,2026-08-30
Bruce,2026-08-30 01:00:00,62.005041453983154,2026-08-28 22:19:51.319537,2026-08-30
Bruce,2026-08-30 02:00:00,61.08574536775951,2026-08-28 22:19:51.319537,2026-08-30
Bruce,2026-08-30 03:00:00,49.19102981039387,2026-08-28 22:19:51.319537,2026-08-30
Bruce,2026-08-30 04:00:00,53.74379665518245,2026-08-28 22:19:51.319537,2026-08-30
Bruce,2026-08-30 05:00:00,62.02203688443346,2026-08-28 22:19:51.319537,2026-08-30
Bruce,2026-08-30 06:00:00,62.466037673944626,2026-08-28 22:19:51.319537,2026-08-30
Bruce,2026-08-30 07:00:00,62.76093198550424,2026-08-28 22:19:51.319537,2026-08-30
Bruce,2026-08-30 08:00:00,62.61185392424481,2026-08-28 22:19:51.319537,2026-08-30
Bruce,2026-08-30 09:00:00,51.76466664069633,2026-08-28 22:19:51.319537,2026-08-30
Bruce,2026-08-30 10:00:00,53.77516950163415,2026-08-28 22:19:51.319537,2026-08-30
Bruce,2026-08-30 11:00:00,62.03259553480524,2026-08-28 22:19:51.319537,2026-08-30
Bruce,2026-08-30 12:00:00,62.040494314141895,2026-08-28 22:19:51.319537,2026-08-30
Bruce,2026-08-30 13:00:00,57.62541207716707,2026-08-28 22:19:51.319537,2026-08-30
Bruce,2026-08-30 14:00:00,50.72239609919945,2026-08-28 22:19:51.319537,2026-08-30
Bruce,2026-08-30 15:00:00,46.82292183533857,2026-08-28 22:19:51.319537,2026-08-30
Bruce,2026-08-30 16:00:00,46.573301960657425,2026-08-28 22:19:51.319537,2026-08-30
Bruce,2026-08-30 17:00:00,48.800850372042625,2026-08-28 22:19:51.319537,2026-08-30
Bruce,2026-08-30 18:00:00,60.86800285830083,2026-08-28 22:19:51.319537,2026-08-30
Bruce,2026-08-30 19:00:00,60.626712763529724,2026-08-28 22:19:51.319537,2026-08-30
Bruce,2026-08-30 20:00:00,49.156829560446546,2026-08-28 22:19:51.319537,2026-08-30
Bruce,2026-08-30 21:00:00,50.05553485037053,2026-08-28 22:19:51.319537,2026-08-30
Bruce,2026-08-30 22:00:00,61.01163825234586,2026-08-28 22:19:51.319537,2026-08-30
Bruce,2026-08-30 23:00:00,58.36183435471592,2026-08-28 22:19:51.319537,2026-08-30
Bruce,2026-08-31 00:00:00,45.28559090141353,2026-08-28 22:19:51.319537,2026-08-31
Bruce,2026-08-31 01:00:00,48.362403174854094,2026-08-28 22:19:51.319537,2026-08-31
Bruce,2026-08-31 02:00:00,59.13934920592897,2026-08-28 22:19:51.319537,2026-08-31
Bruce,2026-08-31 03:00:00,56.73234005081928,2026-08-28 22:19:51.319537,2026-08-31
Bruce,2026-08-31 04:00:00,46.50360014978331,2026-08-28 22:19:51.319537,2026-08-31
Bruce,2026-08-31 05:00:00,49.234645989684935,2026-08-28 22:19:51.319537,2026-08-31
Bruce,2026-08-31 06:00:00,60.379507443226366,2026-08-28 22:19:51.319537,2026-08-31
Bruce,2026-08-31 07:00:00,58.38816841596579,2026-08-28 22:19:51.319537,2026-08-31
Bruce,2026-08-31 08:00:00,47.656104683139745,2026-08-28 22:19:51.319537,2026-08-31
Bruce,2026-08-31 09:00:00,51.25265930475483,2026-08-28 22:19:51.319537,2026-08-31
Bruce,2026-08-31 10:00:00,59.58950827180404,2026-08-28 22:19:51.319537,2026-08-31
Bruce,2026-08-31 11:00:00,58.60585776207582,2026-08-28 22:19:51.319537,2026-08-31
Bruce,2026-08-31 12:00:00,47.075835848538475,2026-08-28 22:19:51.319537,2026-08-31
Bruce,2026-08-31 13:00:00,50.50316476451917,2026-08-28 22:19:51.319537,2026-08-31
Bruce,2026-08-31 14:00:00,60.93554026140194,2026-08-28 22:19:51.319537,2026-08-31
Bruce,2026-08-31 15:00:00,57.165423138716164,2026-08-28 22:19:51.319537,2026-08-31
Bruce,2026-08-31 16:00:00,51.25659314491218,2026-08-28 22:19:51.319537,2026-08-31
Bruce,2026-08-31 17:00:00,52.690496081378434,2026-08-28 22:19:51.319537,2026-08-31
Bruce,2026-08-31 18:00:00,58.127394407502265,2026-08-28 22:19:51.319537,2026-08-31
Bruce,2026-08-31 19:00:00,56.336883846871295,2026-08-28 22:19:51.319537,2026-08-31
Bruce,2026-08-31 20:00:00,49.867294572070605,2026-08-28 22:19:51.319537,2026-08-31
Bruce,2026-08-31 21:00:00,51.96265276116911,2026-08-28 22:19:51.319537,2026-08-31
Bruce,2026-08-31 22:00:00,56.97405886778048,2026-08-28 22:19:51.319537,2026-08-31
Bruce,2026-08-31 23:00:00,52.86264454776457,2026-08-28 22:19:51.319537,2026-08-31
Bruce,2026-09-01 00:00:00,47.62975667855022,2026-08-28 22:19:51.319537,2026-09-01
Bruce,2026-09-01 01:00:00,48.2011984241915,2026-08-28 22:19:51.319537,2026-09-01
Bruce,2026-09-01 02:00:00,58.35243726972046,2026-08-28 22:19:51.319537,2026-09-01
Bruce,2026-09-01 03:00:00,56.21325052849479,2026-08-28 22:19:51.319537,2026-09-01
Bruce,2026-09-01 04:00:00,46.51782016330441,2026-08-28 22:19:51.319537,2026-09-01
Bruce,2026-09-01 05:00:00,50.02267613397517,2026-08-28 22:19:51.319537,2026-09-01
Bruce,2026-09-01 06:00:00,59.49635427098671,2026-08-28 22:19:51.319537,2026-09-01
Bruce,2026-09-01 07:00:00,58.12825089544352,2026-08-28 22:19:51.319537,2026-09-01
Bruce,2026-09-01 08:00:00,47.40521724477348,2026-08-28 22:19:51.319537,2026-09-01
Bruce,2026-09-01 09:00:00,52.72072668280798,2026-08-28 22:19:51.319537,2026-09-01
Bruce,2026-09-01 10:00:00,58.8838398347417,2026-08-28 22:19:51.319537,2026-09-01
Bruce,2026-09-01 11:00:00,57.8766668727419,2026-08-28 22:19:51.319537,2026-09-01
Bruce,2026-09-01 12:00:00,50.10866470440758,2026-08-28 22:19:51.319537,2026-09-01
Bruce,2026-09-01 13:00:00,52.347076524879846,2026-08-28 22:19:51.319537,2026-09-01
Bruce,2026-09-01 14:00:00,58.796408829522946,2026-08-28 22:19:51.319537,2026-09-01
Bruce,2026-09-01 15:00:00,57.642201756948964,2026-08-28 22:19:51.319537,2026-09-01
Bruce,2026-09-01 16:00:00,50.38696551876472,2026-08-28 22:19:51.319537,2026-09-01
Bruce,2026-09-01 17:00:00,52.892669536311594,2026-08-28 22:19:51.319537,2026-09-01
Bruce,2026-09-01 18:00:00,58.51011489989342,2026-08-28 22:19:51.319537,2026-09-01
Bruce,2026-09-01 19:00:00,56.790366708958516,2026-08-28 22:19:51.319537,2026-09-01
Bruce,2026-09-01 20:00:00,49.010324445129875,2026-08-28 22:19:51.319537,2026-09-01
Bruce,2026-09-01 21:00:00,49.76439799006289,2026-08-28 22:19:51.319537,2026-09-01
Bruce,2026-09-01 22:00:00,54.766320402084055,2026-08-28 22:19:51.319537,2026-09-01
Bruce,2026-09-01 23:00:00,56.15060941166187,2026-08-28 22:19:51.319537,2026-09-01
Bruce,2026-09-02 00:00:00,54.94327906282499,2026-08-28 22:19:51.319537,2026-09-02
Bruce,2026-09-02 01:00:00,44.52185898656657,2026-08-28 22:19:51.319537,2026-09-02
Bruce,2026-09-02 02:00:00,47.22879506664619,2026-08-28 22:19:51.319537,2026-09-02
Bruce,2026-09-02 03:00:00,57.05760780217421,2026-08-28 22:19:51.319537,2026-09-02
Bruce,2026-09-02 04:00:00,57.03117992930317,2026-08-28 22:19:51.319537,2026-09-02
Bruce,2026-09-02 05:00:00,53.4032351935187,2026-08-28 22:19:51.319537,2026-09-02
Bruce,2026-09-02 06:00:00,48.93542013691183,2026-08-28 22:19:51.319537,2026-09-02
Bruce,2026-09-02 07:00:00,50.86928401570522,2026-08-28 22:19:51.319537,2026-09-02
Bruce,2026-09-02 08:00:00,58.27635638621229,2026-08-28 22:19:51.319537,2026-09-02
Bruce,2026-09-02 09:00:00,57.50620919691426,2026-08-28 22:19:51.319537,2026-09-02
Bruce,2026-09-02 10:00:00,51.179460361435545,2026-08-28 22:19:51.319537,2026-09-02
Bruce,2026-09-02 11:00:00,51.716174350467455,2026-08-28 22:19:51.319537,2026-09-02
Bruce,2026-09-02 12:00:00,58.408645945581775,2026-08-28 22:19:51.319537,2026-09-02
Bruce,2026-09-02 13:00:00,55.59442148680876,2026-08-28 22:19:51.319537,2026-09-02
Bruce,2026-09-02 14:00:00,48.143036764435266,2026-08-28 22:19:51.319537,2026-09-02
Bruce,2026-09-02 15:00:00,52.51634051184341,2026-08-28 22:19:51.319537,2026-09-02
Bruce,2026-09-02 16:00:00,59.30855212800272,2026-08-28 22:19:51.319537,2026-09-02
Bruce,2026-09-02 17:00:00,58.29424386027192,2026-08-28 22:19:51.319537,2026-09-02
Bruce,2026-09-02 18:00:00,51.37274049278471,2026-08-28 22:19:51.319537,2026-09-02
Bruce,2026-09-02 19:00:00,52.35262068650586,2026-08-28 22:19:51.319537,2026-09-02
Bruce,2026-09-02 20:00:00,59.071660377156654,2026-08-28 22:19:51.319537,2026-09-02
Bruce,2026-09-02 21:00:00,57.524456568335786,2026-08-28 22:19:51.319537,2026-09-02
Bruce,2026-09-02 22:00:00,50.408497131443525,2026-08-28 22:19:51.319537,2026-09-02
Bruce,2026-09-02 23:00:00,53.80913652015945,2026-08-28 22:19:51.319537,2026-09-02
Bruce,2026-09-03 00:00:00,58.237066383559515,2026-08-28 22:19:51.319537,2026-09-03
Bruce,2026-09-03 01:00:00,58.11765234400716,2026-08-28 22:19:51.319537,2026-09-03
Bruce,2026-09-03 02:00:00,48.3827842392551,2026-08-28 22:19:51.319537,2026-09-03
Bruce,2026-09-03 03:00:00,50.838383511229914,2026-08-28 22:19:51.319537,2026-09-03
Bruce,2026-09-03 04:00:00,60.93410678240474,2026-08-28 22:19:51.319537,2026-09-03
Bruce,2026-09-03 05:00:00,58.85972954636228,2026-08-28 22:19:51.319537,2026-09-03
Bruce,2026-09-03 06:00:00,49.25952768104642,2026-08-28 22:19:51.319537,2026-09-03
Bruce,2026-09-03 07:00:00,52.34204744710784,2026-08-28 22:19:51.319537,2026-09-03
Bruce,2026-09-03 08:00:00,61.01010446008944,2026-08-28 22:19:51.319537,2026-09-03
Bruce,2026-09-03 09:00:00,59.18490094571933,2026-08-28 22:19:51.319537,2026-09-03
Bruce,2026-09-03 10:00:00,49.994639611881055,2026-08-28 22:19:51.319537,2026-09-03
Bruce,2026-09-03 11:00:00,53.4521290140089,2026-08-28 22:19:51.319537,2026-09-03
Bruce,2026-09-03 12:00:00,61.85765537069922,2026-08-28 22:19:51.319537,2026-09-03
Bruce,2026-09-03 13:00:00,59.964881525122046,2026-08-28 22:19:51.319537,2026-09-03
Bruce,2026-09-03 14:00:00,50.29249388621015,2026-08-28 22:19:51.319537,2026-09-03
Bruce,2026-09-03 15:00:00,54.036855346963215,2026-08-28 22:19:51.319537,2026-09-03
Bruce,2026-09-03 16:00:00,61.111381870870744,2026-08-28 22:19:51.319537,2026-09-03
Bruce,2026-09-03 17:00:00,59.194741129685575,2026-08-28 22:19:51.319537,2026-09-03
Bruce,2026-09-03 18:00:00,50.586122289794645,2026-08-28 22:19:51.319537,2026-09-03
Bruce,2026-09-03 19:00:00,52.38445049651889,2026-08-28 22:19:51.319537,2026-09-03
Bruce,2026-09-03 20:00:00,60.252080508410366,2026-08-28 22:19:51.319537,2026-09-03
Bruce,2026-09-03 21:00:00,58.50596220302421,2026-08-28 22:19:51.319537,2026-09-03
Bruce,2026-09-03 22:00:00,50.21015948054286,2026-08-28 22:19:51.319537,2026-09-03
Bruce,2026-09-03 23:00:00,51.27941722370227,2026-08-28 22:19:51.319537,2026-09-03
Bruce,2026-09-04 00:00:00,58.557121983272886,2026-08-28 22:19:51.319537,2026-09-04
Bruce,2026-09-04 01:00:00,56.56812019433569,2026-08-28 22:19:51.319537,2026-09-04
Bruce,2026-09-04 02:00:00,47.885958581285266,2026-08-28 22:19:51.319537,2026-09-04
Bruce,2026-09-04 03:00:00,49.272018741982876,2026-08-28 22:19:51.319537,2026-09-04
Bruce,2026-09-04 04:00:00,57.900832009682865,2026-08-28 22:19:51.319537,2026-09-04
Bruce,2026-09-04 05:00:00,57.828806330337734,2026-08-28 22:19:51.319537,2026-09-04
Bruce,2026-09-04 06:00:00,52.95894686363475,2026-08-28 22:19:51.319537,2026-09-04
Bruce,2026-09-04 07:00:00,51.85738850612145,2026-08-28 22:19:51.319537,2026-09-04
Bruce,2026-09-04 08:00:00,52.36435217277382,2026-08-28 22:19:51.319537,2026-09-04
Bruce,2026-09-04 09:00:00,62.683637761054435,2026-08-28 22:19:51.319537,2026-09-04
Bruce,2026-09-04 10:00:00,60.05100767982509,2026-08-28 22:19:51.319537,2026-09-04
Bruce,2026-09-04 11:00:00,52.60885975386441,2026-08-28 22:19:51.319537,2026-09-04
Bruce,2026-09-04 12:00:00,54.34867083671153,2026-08-28 22:19:51.319537,2026-09-04
Bruce,2026-09-04 13:00:00,61.176593717954106,2026-08-28 22:19:51.319537,2026-09-04
Bruce,2026-09-04 14:00:00,60.38950301470772,2026-08-28 22:19:51.319537,2026-09-04
Bruce,2026-09-04 15:00:00,51.64515582706032,2026-08-28 22:19:51.319537,2026-09-04
Bruce,2026-09-04 16:00:00,53.27894936546081,2026-08-28 22:19:51.319537,2026-09-04
Bruce,2026-09-04 17:00:00,61.15959213777437,2026-08-28 22:19:51.319537,2026-09-04
Bruce,2026-09-04 18:00:00,61.16374342842459,2026-08-28 22:19:51.319537,2026-09-04
East,2026-08-28 19:00:00,184.75708350755494,2026-08-28 22:19:51.319537,2026-08-28
East,2026-08-28 20:00:00,188.90775143062638,2026-08-28 22:19:51.319537,2026-08-28
East,2026-08-28 21:00:00,240.21147475675488,2026-08-28 22:19:51.319537,2026-08-28
East,2026-08-28 22:00:00,240.97649381647494,2026-08-28 22:19:51.319537,2026-08-28
East,2026-08-28 23:00:00,240.0806842877002,2026-08-28 22:19:51.319537,2026-08-28
East,2026-08-29 00:00:00,191.58843996019303,2026-08-28 22:19:51.319537,2026-08-29
East,2026-08-29 01:00:00,193.76412524325556,2026-08-28 22:19:51.319537,2026-08-29
East,2026-08-29 02:00:00,228.0273211556503,2026-08-28 22:19:51.319537,2026-08-29
East,2026-08-29 03:00:00,224.86955491084004,2026-08-28 22:19:51.319537,2026-08-29
East,2026-08-29 04:00:00,190.2512401110086,2026-08-28 22:19:51.319537,2026-08-29
East,2026-08-29 05:00:00,188.62269432135736,2026-08-28 22:19:51.319537,2026-08-29
East,2026-08-29 06:00:00,184.1970524786917,2026-08-28 22:19:51.319537,2026-08-29
East,2026-08-29 07:00:00,176.70404406895486,2026-08-28 22:19:51.319537,2026-08-29
East,2026-08-29 08:00:00,175.38089702310094,2026-08-28 22:19:51.319537,2026-08-29
East,2026-08-29 09:00:00,181.49803952811794,2026-08-28 22:19:51.319537,2026-08-29
East,2026-08-29 10:00:00,230.54451524052277,2026-08-28 22:19:51.319537,2026-08-29
East,2026-08-29 11:00:00,213.83664220550796,2026-08-28 22:19:51.319537,2026-08-29
East,2026-08-29 12:00:00,176.8654040366533,2026-08-28 22:19:51.319537,2026-08-29
East,2026-08-29 13:00:00,182.17074006974352,2026-08-28 22:19:51.319537,2026-08-29
East,2026-08-29 14:00:00,221.42592204691155,2026-08-28 22:19:51.319537,2026-08-29
East,2026-08-29 15:00:00,214.41340925086982,2026-08-28 22:19:51.319537,2026-08-29
East,2026-08-29 16:00:00,188.00643890633404,2026-08-28 22:19:51.319537,2026-08-29
East,2026-08-29 17:00:00,189.59959444152366,2026-08-28 22:19:51.319537,2026-08-29
East,2026-08-29 18:00:00,243.38992798828028,2026-08-28 22:19:51.319537,2026-08-29
East,2026-08-29 19:00:00,242.63754775398093,2026-08-28 22:19:51.319537,2026-08-29
East,2026-08-29 20:00:00,194.15680046264717,2026-08-28 22:19:51.319537,2026-08-29
East,2026-08-29 21:00:00,189.88881085811704,2026-08-28 22:19:51.319537,2026-08-29
East,2026-08-29 22:00:00,187.53244995066723,2026-08-28 22:19:51.319537,2026-08-29
East,2026-08-29 23:00:00,185.7298909353766,2026-08-28 22:19:51.319537,2026-08-29
East,2026-08-30 00:00:00,196.46847796299238,2026-08-28 22:19:51.319537,2026-08-30
East,2026-08-30 01:00:00,248.8569279235848,2026-08-28 22:19:51.319537,2026-08-30
East,2026-08-30 02:00:00,239.0766280467336,2026-08-28 22:19:51.319537,2026-08-30
East,2026-08-30 03:00:00,191.15185481569463,2026-08-28 22:19:51.319537,2026-08-30
East,2026-08-30 04:00:00,200.5462415043034,2026-08-28 22:19:51.319537,2026-08-30
East,2026-08-30 05:00:00,244.47608709585685,2026-08-28 22:19:51.319537,2026-08-30
East,2026-08-30 06:00:00,245.8459798221906,2026-08-28 22:19:51.319537,2026-08-30
East,2026-08-30 07:00:00,254.72752241328268,2026-08-28 22:19:51.319537,2026-08-30
East,2026-08-30 08:00:00,255.74215034971547,2026-08-28 22:19:51.319537,2026-08-30
East,2026-08-30 09:00:00,255.60673505742864,2026-08-28 22:19:51.319537,2026-08-30
East,2026-08-30 10:00:00,223.41249100394558,2026-08-28 22:19:51.319537,2026-08-30
East,2026-08-30 11:00:00,203.5860734513798,2026-08-28 22:19:51.319537,2026-08-30
East,2026-08-30 12:00:00,209.51732558399516,2026-08-28 22:19:51.319537,2026-08-30
East,2026-08-30 13:00:00,254.09170172888085,2026-08-28 22:19:51.319537,2026-08-30
East,2026-08-30 14:00:00,252.65966033169315,2026-08-28 22:19:51.319537,2026-08-30
East,2026-08-30 15:00:00,201.93706153797902,2026-08-28 22:19:51.319537,2026-08-30
East,2026-08-30 16:00:00,208.33200551388458,2026-08-28 22:19:51.319537,2026-08-30
East,2026-08-30 17:00:00,263.7111902574864,2026-08-28 22:19:51.319537,2026-08-30
East,2026-08-30 18:00:00,270.8788507162923,2026-08-28 22:19:51.319537,2026-08-30
East,2026-08-30 19:00:00,261.823306461145,2026-08-28 22:19:51.319537,2026-08-30
East,2026-08-30 20:00:00,208.04669264829323,2026-08-28 22:19:51.319537,2026-08-30
East,2026-08-30 21:00:00,208.13430961652935,2026-08-28 22:19:51.319537,2026-08-30
East,2026-08-30 22:00:00,296.09733259339475,2026-08-28 22:19:51.319537,2026-08-30
East,2026-08-30 23:00:00,312.9183377363834,2026-08-28 22:19:51.319537,2026-08-30
East,2026-08-31 00:00:00,317.8840883370265,2026-08-28 22:19:51.319537,2026-08-31
East,2026-08-31 01:00:00,262.91605910924824,2026-08-28 22:19:51.319537,2026-08-31
East,2026-08-31 02:00:00,212.17109835372025,2026-08-28 22:19:51.319537,2026-08-31
East,2026-08-31 03:00:00,223.02381891301042,2026-08-28 22:19:51.319537,2026-08-31
East,2026-08-31 04:00:00,268.6760859943876,2026-08-28 22:19:51.319537,2026-08-31
East,2026-08-31 05:00:00,266.7395913380406,2026-08-28 22:19:51.319537,2026-08-31
East,2026-08-31 06:00:00,210.29337255381697,2026-08-28 22:19:51.319537,2026-08-31
East,2026-08-31 07:00:00,213.47250906173295,2026-08-28 22:19:51.319537,2026-08-31
East,2026-08-31 08:00:00,252.74877698527308,2026-08-28 22:19:51.319537,2026-08-31
East,2026-08-31 09:00:00,261.8171775644538,2026-08-28 22:19:51.319537,2026-08-31
East,2026-08-31 10:00:00,260.19863336286977,2026-08-28 22:19:51.319537,2026-08-31
East,2026-08-31 11:00:00,205.08401019998533,2026-08-28 22:19:51.319537,2026-08-31
East,2026-08-31 12:00:00,211.8223831849805,2026-08-28 22:19:51.319537,2026-08-31
East,2026-08-31 13:00:00,254.78834436075505,2026-08-28 22:19:51.319537,2026-08-31
East,2026-08-31 14:00:00,254.48138846345154,2026-08-28 22:19:51.319537,2026-08-31
East,2026-08-31 15:00:00,209.00843394525927,2026-08-28 22:19:51.319537,2026-08-31
East,2026-08-31 16:00:00,213.48278386623483,2026-08-28 22:19:51.319537,2026-08-31
East,2026-08-31 17:00:00,273.45348269194943,2026-08-28 22:19:51.319537,2026-08-31
East,2026-08-31 18:00:00,267.58310827220697,2026-08-28 22:19:51.319537,2026-08-31
East,2026-08-31 19:00:00,262.36684261233984,2026-08-28 22:19:51.319537,2026-08-31
East,2026-08-31 20:00:00,263.18659110776764,2026-08-28 22:19:51.319537,2026-08-31
East,2026-08-31 21:00:00,245.36732648585863,2026-08-28 22:19:51.319537,2026-08-31
East,2026-08-31 22:00:00,189.21373242357234,2026-08-28 22:19:51.319537,2026-08-31
East,2026-08-31 23:00:00,188.88149868139087,2026-08-28 22:19:51.319537,2026-08-31
East,2026-09-01 00:00:00,177.1232974532119,2026-08-28 22:19:51.319537,2026-09-01
East,2026-09-01 01:00:00,181.37360319594816,2026-08-28 22:19:51.319537,2026-09-01
East,2026-09-01 02:00:00,279.51327737586774,2026-08-28 22:19:51.319537,2026-09-01
East,2026-09-01 03:00:00,265.06632221539644,2026-08-28 22:19:51.319537,2026-09-01
East,2026-09-01 04:00:00,168.21439455542293,2026-08-28 22:19:51.319537,2026-09-01
East,2026-09-01 05:00:00,162.36270116680666,2026-08-28 22:19:51.319537,2026-09-01
East,2026-09-01 06:00:00,223.48763258566018,2026-08-28 22:19:51.319537,2026-09-01
East,2026-09-01 07:00:00,262.79283266232636,2026-08-28 22:19:51.319537,2026-09-01
East,2026-09-01 08:00:00,254.93215723876634,2026-08-28 22:19:51.319537,2026-09-01
East,2026-09-01 09:00:00,203.6747297922997,2026-08-28 22:19:51.319537,2026-09-01
East,2026-09-01 10:00:00,226.60825484142154,2026-08-28 22:19:51.319537,2026-09-01
East,2026-09-01 11:00:00,222.14020549658127,2026-08-28 22:19:51.319537,2026-09-01
East,2026-09-01 12:00:00,181.5545544163415,2026-08-28 22:19:51.319537,2026-09-01
East,2026-09-01 13:00:00,192.97956230407354,2026-08-28 22:19:51.319537,2026-09-01
East,2026-09-01 14:00:00,296.5552699306933,2026-08-28 22:19:51.319537,2026-09-01
East,2026-09-01 15:00:00,288.09862596628125,2026-08-28 22:19:51.319537,2026-09-01
East,2026-09-01 16:00:00,184.4436448952625,2026-08-28 22:19:51.319537,2026-09-01
East,2026-09-01 17:00:00,196.36979154627366,2026-08-28 22:19:51.319537,2026-09-01
East,2026-09-01 18:00:00,313.4685017677423,2026-08-28 22:19:51.319537,2026-09-01
East,2026-09-01 19:00:00,296.1463122487812,2026-08-28 22:19:51.319537,2026-09-01
East,2026-09-01 20:00:00,238.16690381141993,2026-08-28 22:19:51.319537,2026-09-01
East,2026-09-01 21:00:00,181.57229657317166,2026-08-28 22:19:51.319537,2026-09-01
East,2026-09-01 22:00:00,182.09540505760125,2026-08-28 22:19:51.319537,2026-09-01
East,2026-09-01 23:00:00,287.51372841321285,2026-08-28 22:19:51.319537,2026-09-01
East,2026-09-02 00:00:00,268.87816700718577,2026-08-28 22:19:51.319537,2026-09-02
East,2026-09-02 01:00:00,221.4426756511755,2026-08-28 22:19:51.319537,2026-09-02
East,2026-09-02 02:00:00,245.70570874694394,2026-08-28 22:19:51.319537,2026-09-02
East,2026-09-02 03:00:00,260.18594197346346,2026-08-28 22:19:51.319537,2026-09-02
East,2026-09-02 04:00:00,256.9001529926196,2026-08-28 22:19:51.319537,2026-09-02
East,2026-09-02 05:00:00,268.6400963269355,2026-08-28 22:19:51.319537,2026-09-02
East,2026-09-02 06:00:00,313.55924119027054,2026-08-28 22:19:51.319537,2026-09-02
East,2026-09-02 07:00:00,261.9934863481827,2026-08-28 22:19:51.319537,2026-09-02
East,2026-09-02 08:00:00,202.77091773161595,2026-08-28 22:19:51.319537,2026-09-02
East,2026-09-02 09:00:00,265.7107015477812,2026-08-28 22:19:51.319537,2026-09-02
East,2026-09-02 10:00:00,308.8926795160107,2026-08-28 22:19:51.319537,2026-09-02
East,2026-09-02 11:00:00,313.23803071279576,2026-08-28 22:19:51.319537,2026-09-02
East,2026-09-02 12:00:00,251.09998801736532,2026-08-28 22:19:51.319537,2026-09-02
East,2026-09-02 13:00:00,198.78368461784692,2026-08-28 22:19:51.319537,2026-09-02
East,2026-09-02 14:00:00,268.57912521973515,2026-08-28 22:19:51.319537,2026-09-02
East,2026-09-02 15:00:00,299.92468813672355,2026-08-28 22:19:51.319537,2026-09-02
East,2026-09-02 16:00:00,244.82882867568492,2026-08-28 22:19:51.319537,2026-09-02
East,2026-09-02 17:00:00,203.43825706616622,2026-08-28 22:19:51.319537,2026-09-02
East,2026-09-02 18:00:00,271.6545026177305,2026-08-28 22:19:51.319537,2026-09-02
East,2026-09-02 19:00:00,316.0939824907078,2026-08-28 22:19:51.319537,2026-09-02
East,2026-09-02 20:00:00,320.4903793158401,2026-08-28 22:19:51.319537,2026-09-02
East,2026-09-02 21:00:00,311.06571744056737,2026-08-28 22:19:51.319537,2026-09-02
East,2026-09-02 22:00:00,263.24164368871766,2026-08-28 22:19:51.319537,2026-09-02
East,2026-09-02 23:00:00,202.11419754995103,2026-08-28 22:19:51.319537,2026-09-02
East,2026-09-03 00:00:00,212.06632797247613,2026-08-28 22:19:51.319537,2026-09-03
East,2026-09-03 01:00:00,237.84510631831873,2026-08-28 22:19:51.319537,2026-09-03
East,2026-09-03 02:00:00,243.49495912144437,2026-08-28 22:19:51.319537,2026-09-03
East,2026-09-03 03:00:00,304.44405162149957,2026-08-28 22:19:51.319537,2026-09-03
East,2026-09-03 04:00:00,315.8484163605814,2026-08-28 22:19:51.319537,2026-09-03
East,2026-09-03 05:00:00,265.5681661430347,2026-08-28 22:19:51.319537,2026-09-03
East,2026-09-03 06:00:00,220.67551719244736,2026-08-28 22:19:51.319537,2026-09-03
East,2026-09-03 07:00:00,231.38984689286693,2026-08-28 22:19:51.319537,2026-09-03
East,2026-09-03 08:00:00,341.2264355038378,2026-08-28 22:19:51.319537,2026-09-03
East,2026-09-03 09:00:00,354.50812138303456,2026-08-28 22:19:51.319537,2026-09-03
East,2026-09-03 10:00:00,271.4574435686635,2026-08-28 22:19:51.319537,2026-09-03
East,2026-09-03 11:00:00,222.36461186939525,2026-08-28 22:19:51.319537,2026-09-03
East,2026-09-03 12:00:00,212.56101312842702,2026-08-28 22:19:51.319537,2026-09-03
East,2026-09-03 13:00:00,203.41667633229213,2026-08-28 22:19:51.319537,2026-09-03
East,2026-09-03 14:00:00,199.35567051043296,2026-08-28 22:19:51.319537,2026-09-03
East,2026-09-03 15:00:00,253.1678070304957,2026-08-28 22:19:51.319537,2026-09-03
East,2026-09-03 16:00:00,319.9806239472873,2026-08-28 22:19:51.319537,2026-09-03
East,2026-09-03 17:00:00,275.67043209990595,2026-08-28 22:19:51.319537,2026-09-03
East,2026-09-03 18:00:00,211.43744440690605,2026-08-28 22:19:51.319537,2026-09-03
East,2026-09-03 19:00:00,273.5551655548615,2026-08-28 22:19:51.319537,2026-09-03
East,2026-09-03 20:00:00,318.8759062700617,2026-08-28 22:19:51.319537,2026-09-03
East,2026-09-03 21:00:00,313.45160437754475,2026-08-28 22:19:51.319537,2026-09-03
East,2026-09-03 22:00:00,201.72453859889373,2026-08-28 22:19:51.319537,2026-09-03
East,2026-09-03 23:00:00,201.68311837165032,2026-08-28 22:19:51.319537,2026-09-03
East,2026-09-04 00:00:00,290.6181692948016,2026-08-28 22:19:51.319537,2026-09-04
East,2026-09-04 01:00:00,324.84805850316695,2026-08-28 22:19:51.319537,2026-09-04
East,2026-09-04 02:00:00,275.8510373894506,2026-08-28 22:19:51.319537,2026-09-04
East,2026-09-04 03:00:00,279.99291934735146,2026-08-28 22:19:51.319537,2026-09-04
East,2026-09-04 04:00:00,329.2185933562126,2026-08-28 22:19:51.319537,2026-09-04
East,2026-09-04 05:00:00,325.9562250778627,2026-08-28 22:19:51.319537,2026-09-04
East,2026-09-04 06:00:00,284.13342295311344,2026-08-28 22:19:51.319537,2026-09-04
East,2026-09-04 07:00:00,282.1135617269314,2026-08-28 22:19:51.319537,2026-09-04
East,2026-09-04 08:00:00,278.3342803231474,2026-08-28 22:19:51.319537,2026-09-04
East,2026-09-04 09:00:00,223.9409199133015,2026-08-28 22:19:51.319537,2026-09-04
East,2026-09-04 10:00:00,267.9945663468816,2026-08-28 22:19:51.319537,2026-09-04
East,2026-09-04 11:00:00,326.1475889535018,2026-08-28 22:19:51.319537,2026-09-04
East,2026-09-04 12:00:00,335.22252746737826,2026-08-28 22:19:51.319537,2026-09-04
East,2026-09-04 13:00:00,336.8658004875413,2026-08-28 22:19:51.319537,2026-09-04
East,2026-09-04 14:00:00,291.10196906571207,2026-08-28 22:19:51.319537,2026-09-04
East,2026-09-04 15:00:00,286.3647773352588,2026-08-28 22:19:51.319537,2026-09-04
East,2026-09-04 16:00:00,289.89465123816643,2026-08-28 22:19:51.319537,2026-09-04
East,2026-09-04 17:00:00,338.3582270491084,2026-08-28 22:19:51.319537,2026-09-04
East,2026-09-04 18:00:00,283.72167655345254,2026-08-28 22:19:51.319537,2026-09-04
Essa,2026-08-28 19:00:00,182.3572351532757,2026-08-28 22:19:51.319537,2026-08-28
Essa,2026-08-28 20:00:00,201.69455550973575,2026-08-28 22:19:51.319537,2026-08-28
Essa,2026-08-28 21:00:00,254.34118153719612,2026-08-28 22:19:51.319537,2026-08-28
Essa,2026-08-28 22:00:00,240.2516307026495,2026-08-28 22:19:51.319537,2026-08-28
Essa,2026-08-28 23:00:00,197.50528067874606,2026-08-28 22:19:51.319537,2026-08-28
Essa,2026-08-29 00:00:00,192.62170430811102,2026-08-28 22:19:51.319537,2026-08-29
Essa,2026-08-29 01:00:00,188.08307037236247,2026-08-28 22:19:51.319537,2026-08-29
Essa,2026-08-29 02:00:00,187.65159182938635,2026-08-28 22:19:51.319537,2026-08-29
Essa,2026-08-29 03:00:00,189.40395518309447,2026-08-28 22:19:51.319537,2026-08-29
Essa,2026-08-29 04:00:00,221.94542125125562,2026-08-28 22:19:51.319537,2026-08-29
Essa,2026-08-29 05:00:00,218.15184367353538,2026-08-28 22:19:51.319537,2026-08-29
Essa,2026-08-29 06:00:00,191.394398739991,2026-08-28 22:19:51.319537,2026-08-29
Essa,2026-08-29 07:00:00,191.34607545291152,2026-08-28 22:19:51.319537,2026-08-29
Essa,2026-08-29 08:00:00,199.1977795495875,2026-08-28 22:19:51.319537,2026-08-29
Essa,2026-08-29 09:00:00,227.25785525359896,2026-08-28 22:19:51.319537,2026-08-29
Essa,2026-08-29 10:00:00,242.3467058499327,2026-08-28 22:19:51.319537,2026-08-29
Essa,2026-08-29 11:00:00,248.44436630008934,2026-08-28 22:19:51.319537,2026-08-29
Essa,2026-08-29 12:00:00,252.11507380843295,2026-08-28 22:19:51.319537,2026-08-29
Essa,2026-08-29 13:00:00,248.95091387089104,2026-08-28 22:19:51.319537,2026-08-29
Essa,2026-08-29 14:00:00,201.38355457996374,2026-08-28 22:19:51.319537,2026-08-29
Essa,2026-08-29 15:00:00,213.19812342102418,2026-08-28 22:19:51.319537,2026-08-29
Essa,2026-08-29 16:00:00,254.0458963482369,2026-08-28 22:19:51.319537,2026-08-29
Essa,2026-08-29 17:00:00,265.9153192674201,2026-08-28 22:19:51.319537,2026-08-29
Essa,2026-08-29 18:00:00,259.6776572763589,2026-08-28 22:19:51.319537,2026-08-29
Essa,2026-08-29 19:00:00,223.33427033991856,2026-08-28 22:19:51.319537,2026-08-29
Essa,2026-08-29 20:00:00,226.3124033453927,2026-08-28 22:19:51.319537,2026-08-29
Essa,2026-08-29 21:00:00,264.43598420204603,2026-08-28 22:19:51.319537,2026-08-29
Essa,2026-08-29 22:00:00,254.2284594778988,2026-08-28 22:19:51.319537,2026-08-29
Essa,2026-08-29 23:00:00,209.1606180565498,2026-08-28 22:19:51.319537,2026-08-29
Essa,2026-08-30 00:00:00,224.17565913643912,2026-08-28 22:19:51.319537,2026-08-30
Essa,2026-08-30 01:00:00,259.91951883777125,2026-08-28 22:19:51.319537,2026-08-30
Essa,2026-08-30 02:00:00,259.96228209610905,2026-08-28 22:19:51.319537,2026-08-30
Essa,2026-08-30 03:00:00,237.3099506050616,2026-08-28 22:19:51.319537,2026-08-30
Essa,2026-08-30 04:00:00,217.07856852091865,2026-08-28 22:19:51.319537,2026-08-30
Essa,2026-08-30 05:00:00,216.3117041456917,2026-08-28 22:19:51.319537,2026-08-30
Essa,2026-08-30 06:00:00,216.9179624451466,2026-08-28 22:19:51.319537,2026-08-30
Essa,2026-08-30 07:00:00,264.92365202709385,2026-08-28 22:19:51.319537,2026-08-30
Essa,2026-08-30 08:00:00,257.99825746902474,2026-08-28 22:19:51.319537,2026-08-30
Essa,2026-08-30 09:00:00,221.66583758093915,2026-08-28 22:19:51.319537,2026-08-30
Essa,2026-08-30 10:00:00,232.67650822159,2026-08-28 22:19:51.319537,2026-08-30
Essa,2026-08-30 11:00:00,291.8880350967634,2026-08-28 22:19:51.319537,2026-08-30
Essa,2026-08-30 12:00:00,289.9988532400068,2026-08-28 22:19:51.319537,2026-08-30
Essa,2026-08-30 13:00:00,235.89154476788855,2026-08-28 22:19:51.319537,2026-08-30
Essa,2026-08-30 14:00:00,242.87081532782474,2026-08-28 22:19:51.319537,2026-08-30
Essa,2026-08-30 15:00:00,286.7988918866321,2026-08-28 22:19:51.319537,2026-08-30
Essa,2026-08-30 16:00:00,294.10721710191336,2026-08-28 22:19:51.319537,2026-08-30
Essa,2026-08-30 17:00:00,286.6033449653411,2026-08-28 22:19:51.319537,2026-08-30
Essa,2026-08-30 18:00:00,237.66714989763236,2026-08-28 22:19:51.319537,2026-08-30
Essa,2026-08-30 19:00:00,244.98551151912497,2026-08-28 22:19:51.319537,2026-08-30
Essa,2026-08-30 20:00:00,289.66638525066344,2026-08-28 22:19:51.319537,2026-08-30
Essa,2026-08-30 21:00:00,284.5922679164571,2026-08-28 22:19:51.319537,2026-08-30
Essa,2026-08-30 22:00:00,279.7838038039704,2026-08-28 22:19:51.319537,2026-08-30
Essa,2026-08-30 23:00:00,277.79467647882404,2026-08-28 22:19:51.319537,2026-08-30
Essa,2026-08-31 00:00:00,242.65581712042368,2026-08-28 22:19:51.319537,2026-08-31
Essa,2026-08-31 01:00:00,239.7682945356185,2026-08-28 22:19:51.319537,2026-08-31
Essa,2026-08-31 02:00:00,238.37780883628955,2026-08-28 22:19:51.319537,2026-08-31
Essa,2026-08-31 03:00:00,237.541843113953,2026-08-28 22:19:51.319537,2026-08-31
Essa,2026-08-31 04:00:00,237.9885615685497,2026-08-28 22:19:51.319537,2026-08-31
Essa,2026-08-31 05:00:00,292.7019948945038,2026-08-28 22:19:51.319537,2026-08-31
Essa,2026-08-31 06:00:00,302.9541649924856,2026-08-28 22:19:51.319537,2026-08-31
Essa,2026-08-31 07:00:00,302.16202918809125,2026-08-28 22:19:51.319537,2026-08-31
Essa,2026-08-31 08:00:00,241.60754450503694,2026-08-28 22:19:51.319537,2026-08-31
Essa,2026-08-31 09:00:00,241.26052061771927,2026-08-28 22:19:51.319537,2026-08-31
Essa,2026-08-31 10:00:00,248.8407555742221,2026-08-28 22:19:51.319537,2026-08-31
Essa,2026-08-31 11:00:00,357.2190016814499,2026-08-28 22:19:51.319537,2026-08-31
Essa,2026-08-31 12:00:00,369.5632913507194,2026-08-28 22:19:51.319537,2026-08-31
Essa,2026-08-31 13:00:00,357.4425827160066,2026-08-28 22:19:51.319537,2026-08-31
Essa,2026-08-31 14:00:00,316.76174214489487,2026-08-28 22:19:51.319537,2026-08-31
Essa,2026-08-31 15:00:00,256.0404480479837,2026-08-28 22:19:51.319537,2026-08-31
Essa,2026-08-31 16:00:00,249.42676539408782,2026-08-28 22:19:51.319537,2026-08-31
Essa,2026-08-31 17:00:00,314.23547099646845,2026-08-28 22:19:51.319537,2026-08-31
Essa,2026-08-31 18:00:00,384.6990048498651,2026-08-28 22:19:51.319537,2026-08-31
Essa,2026-08-31 19:00:00,393.60129979736183,2026-08-28 22:19:51.319537,2026-08-31
Essa,2026-08-31 20:00:00,346.1489480597276,2026-08-28 22:19:51.319537,2026-08-31
Essa,2026-08-31 21:00:00,270.8509323450676,2026-08-28 22:19:51.319537,2026-08-31
Essa,2026-08-31 22:00:00,301.92500114098397,2026-08-28 22:19:51.319537,2026-08-31
Essa,2026-08-31 23:00:00,357.5706575260212,2026-08-28 22:19:51.319537,2026-08-31
Essa,2026-09-01 00:00:00,294.7630551755711,2026-08-28 22:19:51.319537,2026-09-01
Essa,2026-09-01 01:00:00,245.90122557499862,2026-08-28 22:19:51.319537,2026-09-01
Essa,2026-09-01 02:00:00,289.9125490000291,2026-08-28 22:19:51.319537,2026-09-01
Essa,2026-09-01 03:00:00,342.47895932658946,2026-08-28 22:19:51.319537,2026-09-01
Essa,2026-09-01 04:00:00,355.05258413206815,2026-08-28 22:19:51.319537,2026-09-01
Essa,2026-09-01 05:00:00,297.9101245749239,2026-08-28 22:19:51.319537,2026-09-01
Essa,2026-09-01 06:00:00,241.24601919298055,2026-08-28 22:19:51.319537,2026-09-01
Essa,2026-09-01 07:00:00,237.17480181156645,2026-08-28 22:19:51.319537,2026-09-01
Essa,2026-09-01 08:00:00,292.294854000679,2026-08-28 22:19:51.319537,2026-09-01
Essa,2026-09-01 09:00:00,348.0776488922337,2026-08-28 22:19:51.319537,2026-09-01
Essa,2026-09-01 10:00:00,316.7225775927966,2026-08-28 22:19:51.319537,2026-09-01
Essa,2026-09-01 11:00:00,234.81760547846827,2026-08-28 22:19:51.319537,2026-09-01
Essa,2026-09-01 12:00:00,299.22623658550975,2026-08-28 22:19:51.319537,2026-09-01
Essa,2026-09-01 13:00:00,380.8645025640667,2026-08-28 22:19:51.319537,2026-09-01
Essa,2026-09-01 14:00:00,371.7838960034791,2026-08-28 22:19:51.319537,2026-09-01
Essa,2026-09-01 15:00:00,319.06912778783663,2026-08-28 22:19:51.319537,2026-09-01
Essa,2026-09-01 16:00:00,321.4243246403961,2026-08-28 22:19:51.319537,2026-09-01
Essa,2026-09-01 17:00:00,367.2638757129511,2026-08-28 22:19:51.319537,2026-09-01
Essa,2026-09-01 18:00:00,382.70960964144086,2026-08-28 22:19:51.319537,2026-09-01
Essa,2026-09-01 19:00:00,377.15396729698085,2026-08-28 22:19:51.319537,2026-09-01
Essa,2026-09-01 20:00:00,325.1561217673763,2026-08-28 22:19:51.319537,2026-09-01
Essa,2026-09-01 21:00:00,306.21568079987355,2026-08-28 22:19:51.319537,2026-09-01
Essa,2026-09-01 22:00:00,289.44272077255175,2026-08-28 22:19:51.319537,2026-09-01
Essa,2026-09-01 23:00:00,286.7548976629688,2026-08-28 22:19:51.319537,2026-09-01
Essa,2026-09-02 00:00:00,274.58087303202615,2026-08-28 22:19:51.319537,2026-09-02
Essa,2026-09-02 01:00:00,276.20690566581936,2026-08-28 22:19:51.319537,2026-09-02
Essa,2026-09-02 02:00:00,324.6372802468625,2026-08-28 22:19:51.319537,2026-09-02
Essa,2026-09-02 03:00:00,324.75296328363345,2026-08-28 22:19:51.319537,2026-09-02
Essa,2026-09-02 04:00:00,299.66639954653766,2026-08-28 22:19:51.319537,2026-09-02
Essa,2026-09-02 05:00:00,278.0439478948187,2026-08-28 22:19:51.319537,2026-09-02
Essa,2026-09-02 06:00:00,278.7236616131207,2026-08-28 22:19:51.319537,2026-09-02
Essa,2026-09-02 07:00:00,337.24988514229057,2026-08-28 22:19:51.319537,2026-09-02
Essa,2026-09-02 08:00:00,358.3734679167581,2026-08-28 22:19:51.319537,2026-09-02
Essa,2026-09-02 09:00:00,356.8660757810924,2026-08-28 22:19:51.319537,2026-09-02
Essa,2026-09-02 10:00:00,310.6450416817145,2026-08-28 22:19:51.319537,2026-09-02
Essa,2026-09-02 11:00:00,310.26161196638174,2026-08-28 22:19:51.319537,2026-09-02
Essa,2026-09-02 12:00:00,350.47337707026253,2026-08-28 22:19:51.319537,2026-09-02
Essa,2026-09-02 13:00:00,415.5782591774911,2026-08-28 22:19:51.319537,2026-09-02
Essa,2026-09-02 14:00:00,461.53878369818335,2026-08-28 22:19:51.319537,2026-09-02
Essa,2026-09-02 15:00:00,487.7329543848153,2026-08-28 22:19:51.319537,2026-09-02
Essa,2026-09-02 16:00:00,583.5328040376673,2026-08-28 22:19:51.319537,2026-09-02
Essa,2026-09-02 17:00:00,626.4880970350046,2026-08-28 22:19:51.319537,2026-09-02
Essa,2026-09-02 18:00:00,678.9256267413687,2026-08-28 22:19:51.319537,2026-09-02
Essa,2026-09-02 19:00:00,666.4439355663936,2026-08-28 22:19:51.319537,2026-09-02
Essa,2026-09-02 20:00:00,563.5629658141295,2026-08-28 22:19:51.319537,2026-09-02
Essa,2026-09-02 21:00:00,567.2739037137359,2026-08-28 22:19:51.319537,2026-09-02
Essa,2026-09-02 22:00:00,591.3475263320738,2026-08-28 22:19:51.319537,2026-09-02
Essa,2026-09-02 23:00:00,600.8453959754968,2026-08-28 22:19:51.319537,2026-09-02
Essa,2026-09-03 00:00:00,585.1279027792025,2026-08-28 22:19:51.319537,2026-09-03
Essa,2026-09-03 01:00:00,506.8046991068666,2026-08-28 22:19:51.319537,2026-09-03
Essa,2026-09-03 02:00:00,492.0500664111226,2026-08-28 22:19:51.319537,2026-09-03
Essa,2026-09-03 03:00:00,446.2852331278834,2026-08-28 22:19:51.319537,2026-09-03
Essa,2026-09-03 04:00:00,426.07609220506606,2026-08-28 22:19:51.319537,2026-09-03
Essa,2026-09-03 05:00:00,367.640722732233,2026-08-28 22:19:51.319537,2026-09-03
Essa,2026-09-03 06:00:00,330.5846659108726,2026-08-28 22:19:51.319537,2026-09-03
Essa,2026-09-03 07:00:00,316.3251968455732,2026-08-28 22:19:51.319537,2026-09-03
Essa,2026-09-03 08:00:00,298.2164886520415,2026-08-28 22:19:51.319537,2026-09-03
Essa,2026-09-03 09:00:00,299.8870685291216,2026-08-28 22:19:51.319537,2026-09-03
Essa,2026-09-03 10:00:00,340.3490695459378,2026-08-28 22:19:51.319537,2026-09-03
Essa,2026-09-03 11:00:00,350.340984677179,2026-08-28 22:19:51.319537,2026-09-03
Essa,2026-09-03 12:00:00,353.6515612358453,2026-08-28 22:19:51.319537,2026-09-03
Essa,2026-09-03 13:00:00,361.76941775942083,2026-08-28 22:19:51.319537,2026-09-03
Essa,2026-09-03 14:00:00,395.19221919856494,2026-08-28 22:19:51.319537,2026-09-03
Essa,2026-09-03 15:00:00,398.36649765934885,2026-08-28 22:19:51.319537,2026-09-03
Essa,2026-09-03 16:00:00,383.3027629430298,2026-08-28 22:19:51.319537,2026-09-03
Essa,2026-09-03 17:00:00,354.70447826375164,2026-08-28 22:19:51.319537,2026-09-03
Essa,2026-09-03 18:00:00,362.9359328112685,2026-08-28 22:19:51.319537,2026-09-03
Essa,2026-09-03 19:00:00,417.26815584037723,2026-08-28 22:19:51.319537,2026-09-03
Essa,2026-09-03 20:00:00,435.3659827928982,2026-08-28 22:19:51.319537,2026-09-03
Essa,2026-09-03 21:00:00,410.2681614138027,2026-08-28 22:19:51.319537,2026-09-03
Essa,2026-09-03 22:00:00,376.9125167529247,2026-08-28 22:19:51.319537,2026-09-03
Essa,2026-09-03 23:00:00,351.66223237541607,2026-08-28 22:19:51.319537,2026-09-03
Essa,2026-09-04 00:00:00,351.4581526637821,2026-08-28 22:19:51.319537,2026-09-04
Essa,2026-09-04 01:00:00,369.0618727045739,2026-08-28 22:19:51.319537,2026-09-04
Essa,2026-09-04 02:00:00,401.0484881130104,2026-08-28 22:19:51.319537,2026-09-04
Essa,2026-09-04 03:00:00,396.4185751200008,2026-08-28 22:19:51.319537,2026-09-04
Essa,2026-09-04 04:00:00,364.050220004623,2026-08-28 22:19:51.319537,2026-09-04
Essa,2026-09-04 05:00:00,354.89737962551675,2026-08-28 22:19:51.319537,2026-09-04
Essa,2026-09-04 06:00:00,339.8752351233708,2026-08-28 22:19:51.319537,2026-09-04
Essa,2026-09-04 07:00:00,332.8431677231976,2026-08-28 22:19:51.319537,2026-09-04
Essa,2026-09-04 08:00:00,325.69672437118305,2026-08-28 22:19:51.319537,2026-09-04
Essa,2026-09-04 09:00:00,336.9125554689576,2026-08-28 22:19:51.319537,2026-09-04
Essa,2026-09-04 10:00:00,409.14096502113847,2026-08-28 22:19:51.319537,2026-09-04
Essa,2026-09-04 11:00:00,410.89216241680015,2026-08-28 22:19:51.319537,2026-09-04
Essa,2026-09-04 12:00:00,424.27983596240006,2026-08-28 22:19:51.319537,2026-09-04
Essa,2026-09-04 13:00:00,427.9100124485669,2026-08-28 22:19:51.319537,2026-09-04
Essa,2026-09-04 14:00:00,462.96719737546914,2026-08-28 22:19:51.319537,2026-09-04
Essa,2026-09-04 15:00:00,488.0275215846006,2026-08-28 22:19:51.319537,2026-09-04
Essa,2026-09-04 16:00:00,546.9746378808525,2026-08-28 22:19:51.319537,2026-09-04
Essa,2026-09-04 17:00:00,591.2449514081356,2026-08-28 22:19:51.319537,2026-09-04
Essa,2026-09-04 18:00:00,625.8793464708327,2026-08-28 22:19:51.319537,2026-09-04
Niagara,2026-08-28 19:00:00,131.36206466541404,2026-08-28 22:19:51.319537,2026-08-28
Niagara,2026-08-28 20:00:00,149.9871657158303,2026-08-28 22:19:51.319537,2026-08-28
Niagara,2026-08-28 21:00:00,189.698728519046,2026-08-28 22:19:51.319537,2026-08-28
Niagara,2026-08-28 22:00:00,197.93668970513994,2026-08-28 22:19:51.319537,2026-08-28
Niagara,2026-08-28 23:00:00,186.27482151240574,2026-08-28 22:19:51.319537,2026-08-28
Niagara,2026-08-29 00:00:00,146.22066367844596,2026-08-28 22:19:51.319537,2026-08-29
Niagara,2026-08-29 01:00:00,142.75786240281104,2026-08-28 22:19:51.319537,2026-08-29
Niagara,2026-08-29 02:00:00,140.6002380934437,2026-08-28 22:19:51.319537,2026-08-29
Niagara,2026-08-29 03:00:00,135.59935476406756,2026-08-28 22:19:51.319537,2026-08-29
Niagara,2026-08-29 04:00:00,131.13738800780126,2026-08-28 22:19:51.319537,2026-08-29
Niagara,2026-08-29 05:00:00,132.6557293873493,2026-08-28 22:19:51.319537,2026-08-29
Niagara,2026-08-29 06:00:00,159.06095863462662,2026-08-28 22:19:51.319537,2026-08-29
Niagara,2026-08-29 07:00:00,164.14106412438966,2026-08-28 22:19:51.319537,2026-08-29
Niagara,2026-08-29 08:00:00,172.36511172303165,2026-08-28 22:19:51.319537,2026-08-29
Niagara,2026-08-29 09:00:00,195.33587824499838,2026-08-28 22:19:51.319537,2026-08-29
Niagara,2026-08-29 10:00:00,199.7876067907862,2026-08-28 22:19:51.319537,2026-08-29
Niagara,2026-08-29 11:00:00,197.9480591670023,2026-08-28 22:19:51.319537,2026-08-29
Niagara,2026-08-29 12:00:00,160.294270786369,2026-08-28 22:19:51.319537,2026-08-29
Niagara,2026-08-29 13:00:00,163.70066399344398,2026-08-28 22:19:51.319537,2026-08-29
Niagara,2026-08-29 14:00:00,200.98933427887738,2026-08-28 22:19:51.319537,2026-08-29
Niagara,2026-08-29 15:00:00,196.76044419252304,2026-08-28 22:19:51.319537,2026-08-29
Niagara,2026-08-29 16:00:00,161.73052487244274,2026-08-28 22:19:51.319537,2026-08-29
Niagara,2026-08-29 17:00:00,162.0757813753304,2026-08-28 22:19:51.319537,2026-08-29
Niagara,2026-08-29 18:00:00,196.64920880320352,2026-08-28 22:19:51.319537,2026-08-29
Niagara,2026-08-29 19:00:00,200.5023581467499,2026-08-28 22:19:51.319537,2026-08-29
Niagara,2026-08-29 20:00:00,193.38174171588867,2026-08-28 22:19:51.319537,2026-08-29
Niagara,2026-08-29 21:00:00,149.02470085915326,2026-08-28 22:19:51.319537,2026-08-29
Niagara,2026-08-29 22:00:00,148.26511279554393,2026-08-28 22:19:51.319537,2026-08-29
Niagara,2026-08-29 23:00:00,146.16404471538672,2026-08-28 22:19:51.319537,2026-08-29
Niagara,2026-08-30 00:00:00,146.1979305226481,2026-08-28 22:19:51.319537,2026-08-30
Niagara,2026-08-30 01:00:00,173.57099897254037,2026-08-28 22:19:51.319537,2026-08-30
Niagara,2026-08-30 02:00:00,194.22401900417657,2026-08-28 22:19:51.319537,2026-08-30
Niagara,2026-08-30 03:00:00,196.8580968817996,2026-08-28 22:19:51.319537,2026-08-30
Niagara,2026-08-30 04:00:00,198.10621007059183,2026-08-28 22:19:51.319537,2026-08-30
Niagara,2026-08-30 05:00:00,197.36773653402457,2026-08-28 22:19:51.319537,2026-08-30
Niagara,2026-08-30 06:00:00,160.71312736035054,2026-08-28 22:19:51.319537,2026-08-30
Niagara,2026-08-30 07:00:00,164.34053877077514,2026-08-28 22:19:51.319537,2026-08-30
Niagara,2026-08-30 08:00:00,206.82788597897346,2026-08-28 22:19:51.319537,2026-08-30
Niagara,2026-08-30 09:00:00,209.629588145489,2026-08-28 22:19:51.319537,2026-08-30
Niagara,2026-08-30 10:00:00,212.32587198144023,2026-08-28 22:19:51.319537,2026-08-30
Niagara,2026-08-30 11:00:00,220.8298598200134,2026-08-28 22:19:51.319537,2026-08-30
Niagara,2026-08-30 12:00:00,218.87036051514033,2026-08-28 22:19:51.319537,2026-08-30
Niagara,2026-08-30 13:00:00,176.80801368692315,2026-08-28 22:19:51.319537,2026-08-30
Niagara,2026-08-30 14:00:00,183.32117830463596,2026-08-28 22:19:51.319537,2026-08-30
Niagara,2026-08-30 15:00:00,206.7440191758748,2026-08-28 22:19:51.319537,2026-08-30
Niagara,2026-08-30 16:00:00,202.07155811643838,2026-08-28 22:19:51.319537,2026-08-30
Niagara,2026-08-30 17:00:00,160.3309508292053,2026-08-28 22:19:51.319537,2026-08-30
Niagara,2026-08-30 18:00:00,157.9987747361015,2026-08-28 22:19:51.319537,2026-08-30
Niagara,2026-08-30 19:00:00,159.19523543248908,2026-08-28 22:19:51.319537,2026-08-30
Niagara,2026-08-30 20:00:00,191.22209227292893,2026-08-28 22:19:51.319537,2026-08-30
Niagara,2026-08-30 21:00:00,198.379212613674,2026-08-28 22:19:51.319537,2026-08-30
Niagara,2026-08-30 22:00:00,197.8273080977955,2026-08-28 22:19:51.319537,2026-08-30
Niagara,2026-08-30 23:00:00,156.11487377160864,2026-08-28 22:19:51.319537,2026-08-30
Niagara,2026-08-31 00:00:00,171.72299688698243,2026-08-28 22:19:51.319537,2026-08-31
Niagara,2026-08-31 01:00:00,223.20828320645035,2026-08-28 22:19:51.319537,2026-08-31
Niagara,2026-08-31 02:00:00,219.03816543677397,2026-08-28 22:19:51.319537,2026-08-31
Niagara,2026-08-31 03:00:00,169.31874998189113,2026-08-28 22:19:51.319537,2026-08-31
Niagara,2026-08-31 04:00:00,180.14209519388734,2026-08-28 22:19:51.319537,2026-08-31
Niagara,2026-08-31 05:00:00,226.16525730371492,2026-08-28 22:19:51.319537,2026-08-31
Niagara,2026-08-31 06:00:00,220.80621867571458,2026-08-28 22:19:51.319537,2026-08-31
Niagara,2026-08-31 07:00:00,176.75227474365556,2026-08-28 22:19:51.319537,2026-08-31
Niagara,2026-08-31 08:00:00,183.33678465214248,2026-08-28 22:19:51.319537,2026-08-31
Niagara,2026-08-31 09:00:00,228.40738389127813,2026-08-28 22:19:51.319537,2026-08-31
Niagara,2026-08-31 10:00:00,225.65596825004624,2026-08-28 22:19:51.319537,2026-08-31
Niagara,2026-08-31 11:00:00,177.8280051318033,2026-08-28 22:19:51.319537,2026-08-31
Niagara,2026-08-31 12:00:00,186.32821608499378,2026-08-28 22:19:51.319537,2026-08-31
Niagara,2026-08-31 13:00:00,236.36096175820654,2026-08-28 22:19:51.319537,2026-08-31
Niagara,2026-08-31 14:00:00,246.1401718774217,2026-08-28 22:19:51.319537,2026-08-31
Niagara,2026-08-31 15:00:00,249.23573627343342,2026-08-28 22:19:51.319537,2026-08-31
Niagara,2026-08-31 16:00:00,254.25433696683135,2026-08-28 22:19:51.319537,2026-08-31
Niagara,2026-08-31 17:00:00,255.4143304286755,2026-08-28 22:19:51.319537,2026-08-31
Niagara,2026-08-31 18:00:00,253.3183502844405,2026-08-28 22:19:51.319537,2026-08-31
Niagara,2026-08-31 19:00:00,203.0342244971819,2026-08-28 22:19:51.319537,2026-08-31
Niagara,2026-08-31 20:00:00,194.65575582801117,2026-08-28 22:19:51.319537,2026-08-31
Niagara,2026-08-31 21:00:00,186.45672957632846,2026-08-28 22:19:51.319537,2026-08-31
Niagara,2026-08-31 22:00:00,187.74260024931826,2026-08-28 22:19:51.319537,2026-08-31
Niagara,2026-08-31 23:00:00,231.28026316962212,2026-08-28 22:19:51.319537,2026-08-31
Niagara,2026-09-01 00:00:00,229.37952254398388,2026-08-28 22:19:51.319537,2026-09-01
Niagara,2026-09-01 01:00:00,183.17320855243165,2026-08-28 22:19:51.319537,2026-09-01
Niagara,2026-09-01 02:00:00,188.19837110819017,2026-08-28 22:19:51.319537,2026-09-01
Niagara,2026-09-01 03:00:00,229.8037480822811,2026-08-28 22:19:51.319537,2026-09-01
Niagara,2026-09-01 04:00:00,234.4911630660873,2026-08-28 22:19:51.319537,2026-09-01
Niagara,2026-09-01 05:00:00,231.24296546246836,2026-08-28 22:19:51.319537,2026-09-01
Niagara,2026-09-01 06:00:00,184.37719845171742,2026-08-28 22:19:51.319537,2026-09-01
Niagara,2026-09-01 07:00:00,195.83689710183506,2026-08-28 22:19:51.319537,2026-09-01
Niagara,2026-09-01 08:00:00,242.70636629457064,2026-08-28 22:19:51.319537,2026-09-01
Niagara,2026-09-01 09:00:00,244.96237327413442,2026-08-28 22:19:51.319537,2026-09-01
Niagara,2026-09-01 10:00:00,245.799043244664,2026-08-28 22:19:51.319537,2026-09-01
Niagara,2026-09-01 11:00:00,256.2199233573879,2026-08-28 22:19:51.319537,2026-09-01
Niagara,2026-09-01 12:00:00,263.5618575860141,2026-08-28 22:19:51.319537,2026-09-01
Niagara,2026-09-01 13:00:00,269.8502854527107,2026-08-28 22:19:51.319537,2026-09-01
Niagara,2026-09-01 14:00:00,273.29615028236174,2026-08-28 22:19:51.319537,2026-09-01
Niagara,2026-09-01 15:00:00,271.5825965624407,2026-08-28 22:19:51.319537,2026-09-01
Niagara,2026-09-01 16:00:00,212.00349506012432,2026-08-28 22:19:51.319537,2026-09-01
Niagara,2026-09-01 17:00:00,224.77286900171208,2026-08-28 22:19:51.319537,2026-09-01
Niagara,2026-09-01 18:00:00,272.86544243864927,2026-08-28 22:19:51.319537,2026-09-01
Niagara,2026-09-01 19:00:00,272.5892048969988,2026-08-28 22:19:51.319537,2026-09-01
Niagara,2026-09-01 20:00:00,214.8224185109705,2026-08-28 22:19:51.319537,2026-09-01
Niagara,2026-09-01 21:00:00,195.08254734195168,2026-08-28 22:19:51.319537,2026-09-01
Niagara,2026-09-01 22:00:00,191.4835109573589,2026-08-28 22:19:51.319537,2026-09-01
Niagara,2026-09-01 23:00:00,183.6841547779965,2026-08-28 22:19:51.319537,2026-09-01
Niagara,2026-09-02 00:00:00,181.74574324813716,2026-08-28 22:19:51.319537,2026-09-02
Niagara,2026-09-02 01:00:00,180.02709528972105,2026-08-28 22:19:51.319537,2026-09-02
Niagara,2026-09-02 02:00:00,184.24877516128265,2026-08-28 22:19:51.319537,2026-09-02
Niagara,2026-09-02 03:00:00,242.67350711770703,2026-08-28 22:19:51.319537,2026-09-02
Niagara,2026-09-02 04:00:00,241.1285667674805,2026-08-28 22:19:51.319537,2026-09-02
Niagara,2026-09-02 05:00:00,188.24261446014484,2026-08-28 22:19:51.319537,2026-09-02
Niagara,2026-09-02 06:00:00,196.9863985657909,2026-08-28 22:19:51.319537,2026-09-02
Niagara,2026-09-02 07:00:00,248.6321660349489,2026-08-28 22:19:51.319537,2026-09-02
Niagara,2026-09-02 08:00:00,257.5826816244567,2026-08-28 22:19:51.319537,2026-09-02
Niagara,2026-09-02 09:00:00,252.0682951722575,2026-08-28 22:19:51.319537,2026-09-02
Niagara,2026-09-02 10:00:00,203.67891137236012,2026-08-28 22:19:51.319537,2026-09-02
Niagara,2026-09-02 11:00:00,210.4963872827477,2026-08-28 22:19:51.319537,2026-09-02
Niagara,2026-09-02 12:00:00,267.46322676389167,2026-08-28 22:19:51.319537,2026-09-02
Niagara,2026-09-02 13:00:00,291.6796061861955,2026-08-28 22:19:51.319537,2026-09-02
Niagara,2026-09-02 14:00:00,348.610166961694,2026-08-28 22:19:51.319537,2026-09-02
Niagara,2026-09-02 15:00:00,359.21688462770345,2026-08-28 22:19:51.319537,2026-09-02
Niagara,2026-09-02 16:00:00,351.18122546186356,2026-08-28 22:19:51.319537,2026-09-02
Niagara,2026-09-02 17:00:00,301.21371542809203,2026-08-28 22:19:51.319537,2026-09-02
Niagara,2026-09-02 18:00:00,284.6211980903737,2026-08-28 22:19:51.319537,2026-09-02
Niagara,2026-09-02 19:00:00,257.4115930410654,2026-08-28 22:19:51.319537,2026-09-02
Niagara,2026-09-02 20:00:00,202.19815120321243,2026-08-28 22:19:51.319537,2026-09-02
Niagara,2026-09-02 21:00:00,215.1980733051365,2026-08-28 22:19:51.319537,2026-09-02
Niagara,2026-09-02 22:00:00,258.31243350555525,2026-08-28 22:19:51.319537,2026-09-02
Niagara,2026-09-02 23:00:00,259.3166116270395,2026-08-28 22:19:51.319537,2026-09-02
Niagara,2026-09-03 00:00:00,254.4180901194985,2026-08-28 22:19:51.319537,2026-09-03
Niagara,2026-09-03 01:00:00,203.2235045812145,2026-08-28 22:19:51.319537,2026-09-03
Niagara,2026-09-03 02:00:00,201.62066844750805,2026-08-28 22:19:51.319537,2026-09-03
Niagara,2026-09-03 03:00:00,195.18075446650855,2026-08-28 22:19:51.319537,2026-09-03
Niagara,2026-09-03 04:00:00,201.41576180742595,2026-08-28 22:19:51.319537,2026-09-03
Niagara,2026-09-03 05:00:00,239.7914034895514,2026-08-28 22:19:51.319537,2026-09-03
Niagara,2026-09-03 06:00:00,243.98614640561968,2026-08-28 22:19:51.319537,2026-09-03
Niagara,2026-09-03 07:00:00,262.3367099929171,2026-08-28 22:19:51.319537,2026-09-03
Niagara,2026-09-03 08:00:00,260.6937227721394,2026-08-28 22:19:51.319537,2026-09-03
Niagara,2026-09-03 09:00:00,267.0666079093915,2026-08-28 22:19:51.319537,2026-09-03
Niagara,2026-09-03 10:00:00,321.88076330459387,2026-08-28 22:19:51.319537,2026-09-03
Niagara,2026-09-03 11:00:00,334.06090257170547,2026-08-28 22:19:51.319537,2026-09-03
Niagara,2026-09-03 12:00:00,322.138486161342,2026-08-28 22:19:51.319537,2026-09-03
Niagara,2026-09-03 13:00:00,265.23735716475426,2026-08-28 22:19:51.319537,2026-09-03
Niagara,2026-09-03 14:00:00,263.811277721692,2026-08-28 22:19:51.319537,2026-09-03
Niagara,2026-09-03 15:00:00,275.71879901198463,2026-08-28 22:19:51.319537,2026-09-03
Niagara,2026-09-03 16:00:00,336.47159680001397,2026-08-28 22:19:51.319537,2026-09-03
Niagara,2026-09-03 17:00:00,281.2037872145691,2026-08-28 22:19:51.319537,2026-09-03
Niagara,2026-09-03 18:00:00,202.0024493671672,2026-08-28 22:19:51.319537,2026-09-03
Niagara,2026-09-03 19:00:00,269.0635547465403,2026-08-28 22:19:51.319537,2026-09-03
Niagara,2026-09-03 20:00:00,315.2067810445318,2026-08-28 22:19:51.319537,2026-09-03
Niagara,2026-09-03 21:00:00,258.0314273390925,2026-08-28 22:19:51.319537,2026-09-03
Niagara,2026-09-03 22:00:00,198.19153158598317,2026-08-28 22:19:51.319537,2026-09-03
Niagara,2026-09-03 23:00:00,201.84347279441383,2026-08-28 22:19:51.319537,2026-09-03
Niagara,2026-09-04 00:00:00,257.32181770751004,2026-08-28 22:19:51.319537,2026-09-04
Niagara,2026-09-04 01:00:00,267.50711645703285,2026-08-28 22:19:51.319537,2026-09-04
Niagara,2026-09-04 02:00:00,271.69488422122566,2026-08-28 22:19:51.319537,2026-09-04
Niagara,2026-09-04 03:00:00,270.06146322394335,2026-08-28 22:19:51.319537,2026-09-04
Niagara,2026-09-04 04:00:00,272.23459605312945,2026-08-28 22:19:51.319537,2026-09-04
Niagara,2026-09-04 05:00:00,325.0812223745407,2026-08-28 22:19:51.319537,2026-09-04
Niagara,2026-09-04 06:00:00,274.68935935451714,2026-08-28 22:19:51.319537,2026-09-04
Niagara,2026-09-04 07:00:00,223.37833499863558,2026-08-28 22:19:51.319537,2026-09-04
Niagara,2026-09-04 08:00:00,280.86058809722186,2026-08-28 22:19:51.319537,2026-09-04
Niagara,2026-09-04 09:00:00,338.28557891951385,2026-08-28 22:19:51.319537,2026-09-04
Niagara,2026-09-04 10:00:00,355.326702125927,2026-08-28 22:19:51.319537,2026-09-04
Niagara,2026-09-04 11:00:00,301.88061978497075,2026-08-28 22:19:51.319537,2026-09-04
Niagara,2026-09-04 12:00:00,256.8037259174303,2026-08-28 22:19:51.319537,2026-09-04
Niagara,2026-09-04 13:00:00,323.05038548252844,2026-08-28 22:19:51.319537,2026-09-04
Niagara,2026-09-04 14:00:00,400.37436392871354,2026-08-28 22:19:51.319537,2026-09-04
Niagara,2026-09-04 15:00:00,396.05705202017486,2026-08-28 22:19:51.319537,2026-09-04
Niagara,2026-09-04 16:00:00,360.14189853814753,2026-08-28 22:19:51.319537,2026-09-04
Niagara,2026-09-04 17:00:00,329.81837929912984,2026-08-28 22:19:51.319537,2026-09-04
Niagara,2026-09-04 18:00:00,312.7358441432312,2026-08-28 22:19:51.319537,2026-09-04
Northeast,2026-08-28 19:00:00,156.4613755854154,2026-08-28 22:19:51.319537,2026-08-28
Northeast,2026-08-28 20:00:00,177.89459549186756,2026-08-28 22:19:51.319537,2026-08-28
Northeast,2026-08-28 21:00:00,250.85932192741225,2026-08-28 22:19:51.319537,2026-08-28
Northeast,2026-08-28 22:00:00,240.76486153537934,2026-08-28 22:19:51.319537,2026-08-28
Northeast,2026-08-28 23:00:00,198.1291160273914,2026-08-28 22:19:51.319537,2026-08-28
Northeast,2026-08-29 00:00:00,201.29712260415667,2026-08-28 22:19:51.319537,2026-08-29
Northeast,2026-08-29 01:00:00,231.62079092438108,2026-08-28 22:19:51.319537,2026-08-29
Northeast,2026-08-29 02:00:00,231.30855625525436,2026-08-28 22:19:51.319537,2026-08-29
Northeast,2026-08-29 03:00:00,198.0458889150086,2026-08-28 22:19:51.319537,2026-08-29
Northeast,2026-08-29 04:00:00,188.64611907721795,2026-08-28 22:19:51.319537,2026-08-29
Northeast,2026-08-29 05:00:00,185.21005198667166,2026-08-28 22:19:51.319537,2026-08-29
Northeast,2026-08-29 06:00:00,186.31525286367932,2026-08-28 22:19:51.319537,2026-08-29
Northeast,2026-08-29 07:00:00,228.76871129992386,2026-08-28 22:19:51.319537,2026-08-29
Northeast,2026-08-29 08:00:00,231.98454852475632,2026-08-28 22:19:51.319537,2026-08-29
Northeast,2026-08-29 09:00:00,235.8780425833107,2026-08-28 22:19:51.319537,2026-08-29
Northeast,2026-08-29 10:00:00,250.98463523942488,2026-08-28 22:19:51.319537,2026-08-29
Northeast,2026-08-29 11:00:00,245.0455905418364,2026-08-28 22:19:51.319537,2026-08-29
Northeast,2026-08-29 12:00:00,193.76203606513926,2026-08-28 22:19:51.319537,2026-08-29
Northeast,2026-08-29 13:00:00,191.19797512700026,2026-08-28 22:19:51.319537,2026-08-29
Northeast,2026-08-29 14:00:00,189.39710252263896,2026-08-28 22:19:51.319537,2026-08-29
Northeast,2026-08-29 15:00:00,191.13764542906313,2026-08-28 22:19:51.319537,2026-08-29
Northeast,2026-08-29 16:00:00,234.45745555371752,2026-08-28 22:19:51.319537,2026-08-29
Northeast,2026-08-29 17:00:00,243.8529791398505,2026-08-28 22:19:51.319537,2026-08-29
Northeast,2026-08-29 18:00:00,247.8504264868366,2026-08-28 22:19:51.319537,2026-08-29
Northeast,2026-08-29 19:00:00,250.40016479350106,2026-08-28 22:19:51.319537,2026-08-29
Northeast,2026-08-29 20:00:00,250.7097059562012,2026-08-28 22:19:51.319537,2026-08-29
Northeast,2026-08-29 21:00:00,250.3582639453498,2026-08-28 22:19:51.319537,2026-08-29
Northeast,2026-08-29 22:00:00,200.30078757000547,2026-08-28 22:19:51.319537,2026-08-29
Northeast,2026-08-29 23:00:00,197.65760476317257,2026-08-28 22:19:51.319537,2026-08-29
Northeast,2026-08-30 00:00:00,206.20753186625126,2026-08-28 22:19:51.319537,2026-08-30
Northeast,2026-08-30 01:00:00,247.5649336770801,2026-08-28 22:19:51.319537,2026-08-30
Northeast,2026-08-30 02:00:00,248.39475086661318,2026-08-28 22:19:51.319537,2026-08-30
Northeast,2026-08-30 03:00:00,248.35460272842968,2026-08-28 22:19:51.319537,2026-08-30
Northeast,2026-08-30 04:00:00,226.312038108384,2026-08-28 22:19:51.319537,2026-08-30
Northeast,2026-08-30 05:00:00,203.58696849740838,2026-08-28 22:19:51.319537,2026-08-30
Northeast,2026-08-30 06:00:00,208.0700488738429,2026-08-28 22:19:51.319537,2026-08-30
Northeast,2026-08-30 07:00:00,245.69767907776426,2026-08-28 22:19:51.319537,2026-08-30
Northeast,2026-08-30 08:00:00,255.54662525012765,2026-08-28 22:19:51.319537,2026-08-30
Northeast,2026-08-30 09:00:00,255.14061226568955,2026-08-28 22:19:51.319537,2026-08-30
Northeast,2026-08-30 10:00:00,210.37785861245905,2026-08-28 22:19:51.319537,2026-08-30
Northeast,2026-08-30 11:00:00,215.37826742295607,2026-08-28 22:19:51.319537,2026-08-30
Northeast,2026-08-30 12:00:00,270.98954805292834,2026-08-28 22:19:51.319537,2026-08-30
Northeast,2026-08-30 13:00:00,269.1531507400799,2026-08-28 22:19:51.319537,2026-08-30
Northeast,2026-08-30 14:00:00,213.8996377950416,2026-08-28 22:19:51.319537,2026-08-30
Northeast,2026-08-30 15:00:00,218.41111289303825,2026-08-28 22:19:51.319537,2026-08-30
Northeast,2026-08-30 16:00:00,271.80838466070355,2026-08-28 22:19:51.319537,2026-08-30
Northeast,2026-08-30 17:00:00,268.14606491172924,2026-08-28 22:19:51.319537,2026-08-30
Northeast,2026-08-30 18:00:00,213.36873608732893,2026-08-28 22:19:51.319537,2026-08-30
Northeast,2026-08-30 19:00:00,219.4400426816262,2026-08-28 22:19:51.319537,2026-08-30
Northeast,2026-08-30 20:00:00,277.27873181555964,2026-08-28 22:19:51.319537,2026-08-30
Northeast,2026-08-30 21:00:00,274.6368348571778,2026-08-28 22:19:51.319537,2026-08-30
Northeast,2026-08-30 22:00:00,270.56637773049255,2026-08-28 22:19:51.319537,2026-08-30
Northeast,2026-08-30 23:00:00,272.6376289272268,2026-08-28 22:19:51.319537,2026-08-30
Northeast,2026-08-31 00:00:00,274.82182955996,2026-08-28 22:19:51.319537,2026-08-31
Northeast,2026-08-31 01:00:00,268.2624091959771,2026-08-28 22:19:51.319537,2026-08-31
Northeast,2026-08-31 02:00:00,217.66967756067334,2026-08-28 22:19:51.319537,2026-08-31
Northeast,2026-08-31 03:00:00,219.4857281230983,2026-08-28 22:19:51.319537,2026-08-31
Northeast,2026-08-31 04:00:00,264.9895790548069,2026-08-28 22:19:51.319537,2026-08-31
Northeast,2026-08-31 05:00:00,268.0398678776277,2026-08-28 22:19:51.319537,2026-08-31
Northeast,2026-08-31 06:00:00,263.612915509978,2026-08-28 22:19:51.319537,2026-08-31
Northeast,2026-08-31 07:00:00,215.6453051401945,2026-08-28 22:19:51.319537,2026-08-31
Northeast,2026-08-31 08:00:00,221.5699007598035,2026-08-28 22:19:51.319537,2026-08-31
Northeast,2026-08-31 09:00:00,265.44165983881146,2026-08-28 22:19:51.319537,2026-08-31
Northeast,2026-08-31 10:00:00,325.7227562371822,2026-08-28 22:19:51.319537,2026-08-31
Northeast,2026-08-31 11:00:00,341.2641379649281,2026-08-28 22:19:51.319537,2026-08-31
Northeast,2026-08-31 12:00:00,327.31202187218184,2026-08-28 22:19:51.319537,2026-08-31
Northeast,2026-08-31 13:00:00,198.1259800879155,2026-08-28 22:19:51.319537,2026-08-31
Northeast,2026-08-31 14:00:00,213.32419608039714,2026-08-28 22:19:51.319537,2026-08-31
Northeast,2026-08-31 15:00:00,263.04907629454146,2026-08-28 22:19:51.319537,2026-08-31
Northeast,2026-08-31 16:00:00,273.07674418754294,2026-08-28 22:19:51.319537,2026-08-31
Northeast,2026-08-31 17:00:00,265.1382378782797,2026-08-28 22:19:51.319537,2026-08-31
Northeast,2026-08-31 18:00:00,266.22460819661427,2026-08-28 22:19:51.319537,2026-08-31
Northeast,2026-08-31 19:00:00,324.2796541847588,2026-08-28 22:19:51.319537,2026-08-31
Northeast,2026-08-31 20:00:00,348.3556524394499,2026-08-28 22:19:51.319537,2026-08-31
Northeast,2026-08-31 21:00:00,329.51803687519964,2026-08-28 22:19:51.319537,2026-08-31
Northeast,2026-08-31 22:00:00,279.32603012532746,2026-08-28 22:19:51.319537,2026-08-31
Northeast,2026-08-31 23:00:00,221.1584837829119,2026-08-28 22:19:51.319537,2026-08-31
Northeast,2026-09-01 00:00:00,228.98437203955916,2026-08-28 22:19:51.319537,2026-09-01
Northeast,2026-09-01 01:00:00,279.0094761267752,2026-08-28 22:19:51.319537,2026-09-01
Northeast,2026-09-01 02:00:00,327.19544293663927,2026-08-28 22:19:51.319537,2026-09-01
Northeast,2026-09-01 03:00:00,335.06381140054333,2026-08-28 22:19:51.319537,2026-09-01
Northeast,2026-09-01 04:00:00,331.9190763962175,2026-08-28 22:19:51.319537,2026-09-01
Northeast,2026-09-01 05:00:00,211.83286533607304,2026-08-28 22:19:51.319537,2026-09-01
Northeast,2026-09-01 06:00:00,221.33650352729023,2026-08-28 22:19:51.319537,2026-09-01
Northeast,2026-09-01 07:00:00,278.0316905806055,2026-08-28 22:19:51.319537,2026-09-01
Northeast,2026-09-01 08:00:00,327.06396793082956,2026-08-28 22:19:51.319537,2026-09-01
Northeast,2026-09-01 09:00:00,342.5422040184254,2026-08-28 22:19:51.319537,2026-09-01
Northeast,2026-09-01 10:00:00,323.09521828282465,2026-08-28 22:19:51.319537,2026-09-01
Northeast,2026-09-01 11:00:00,218.65710649484615,2026-08-28 22:19:51.319537,2026-09-01
Northeast,2026-09-01 12:00:00,218.49369258081302,2026-08-28 22:19:51.319537,2026-09-01
Northeast,2026-09-01 13:00:00,297.7548175902181,2026-08-28 22:19:51.319537,2026-09-01
Northeast,2026-09-01 14:00:00,338.7905120605245,2026-08-28 22:19:51.319537,2026-09-01
Northeast,2026-09-01 15:00:00,272.6377986834542,2026-08-28 22:19:51.319537,2026-09-01
Northeast,2026-09-01 16:00:00,206.3463300777659,2026-08-28 22:19:51.319537,2026-09-01
Northeast,2026-09-01 17:00:00,278.3262683419838,2026-08-28 22:19:51.319537,2026-09-01
Northeast,2026-09-01 18:00:00,336.44974175973925,2026-08-28 22:19:51.319537,2026-09-01
Northeast,2026-09-01 19:00:00,277.679646221887,2026-08-28 22:19:51.319537,2026-09-01
Northeast,2026-09-01 20:00:00,222.8823184684046,2026-08-28 22:19:51.319537,2026-09-01
Northeast,2026-09-01 21:00:00,284.529930778388,2026-08-28 22:19:51.319537,2026-09-01
Northeast,2026-09-01 22:00:00,334.4587455830825,2026-08-28 22:19:51.319537,2026-09-01
Northeast,2026-09-01 23:00:00,331.16127738103444,2026-08-28 22:19:51.319537,2026-09-01
Northeast,2026-09-02 00:00:00,268.1391398752033,2026-08-28 22:19:51.319537,2026-09-02
Northeast,2026-09-02 01:00:00,267.4491656561352,2026-08-28 22:19:51.319537,2026-09-02
Northeast,2026-09-02 02:00:00,269.6928400697042,2026-08-28 22:19:51.319537,2026-09-02
Northeast,2026-09-02 03:00:00,269.5029936971682,2026-08-28 22:19:51.319537,2026-09-02
Northeast,2026-09-02 04:00:00,239.28602195220614,2026-08-28 22:19:51.319537,2026-09-02
Northeast,2026-09-02 05:00:00,275.6154639344184,2026-08-28 22:19:51.319537,2026-09-02
Northeast,2026-09-02 06:00:00,322.40887789580614,2026-08-28 22:19:51.319537,2026-09-02
Northeast,2026-09-02 07:00:00,322.5529493674132,2026-08-28 22:19:51.319537,2026-09-02
Northeast,2026-09-02 08:00:00,243.5502483311209,2026-08-28 22:19:51.319537,2026-09-02
Northeast,2026-09-02 09:00:00,219.38897177740034,2026-08-28 22:19:51.319537,2026-09-02
Northeast,2026-09-02 10:00:00,274.09574761963034,2026-08-28 22:19:51.319537,2026-09-02
Northeast,2026-09-02 11:00:00,325.2135761228547,2026-08-28 22:19:51.319537,2026-09-02
Northeast,2026-09-02 12:00:00,329.26653716707017,2026-08-28 22:19:51.319537,2026-09-02
Northeast,2026-09-02 13:00:00,327.06042639591533,2026-08-28 22:19:51.319537,2026-09-02
Northeast,2026-09-02 14:00:00,213.89090353526956,2026-08-28 22:19:51.319537,2026-09-02
Northeast,2026-09-02 15:00:00,218.79778134607344,2026-08-28 22:19:51.319537,2026-09-02
Northeast,2026-09-02 16:00:00,328.58911720402403,2026-08-28 22:19:51.319537,2026-09-02
Northeast,2026-09-02 17:00:00,335.32782287707164,2026-08-28 22:19:51.319537,2026-09-02
Northeast,2026-09-02 18:00:00,311.3361728783643,2026-08-28 22:19:51.319537,2026-09-02
Northeast,2026-09-02 19:00:00,267.0522545172624,2026-08-28 22:19:51.319537,2026-09-02
Northeast,2026-09-02 20:00:00,276.11060944882945,2026-08-28 22:19:51.319537,2026-09-02
Northeast,2026-09-02 21:00:00,324.13681781956205,2026-08-28 22:19:51.319537,2026-09-02
Northeast,2026-09-02 22:00:00,326.43487006829844,2026-08-28 22:19:51.319537,2026-09-02
Northeast,2026-09-02 23:00:00,316.4313737845432,2026-08-28 22:19:51.319537,2026-09-02
Northeast,2026-09-03 00:00:00,215.48380246050053,2026-08-28 22:19:51.319537,2026-09-03
Northeast,2026-09-03 01:00:00,212.76946902314918,2026-08-28 22:19:51.319537,2026-09-03
Northeast,2026-09-03 02:00:00,271.01558531924417,2026-08-28 22:19:51.319537,2026-09-03
Northeast,2026-09-03 03:00:00,316.1648398206929,2026-08-28 22:19:51.319537,2026-09-03
Northeast,2026-09-03 04:00:00,315.5988623416693,2026-08-28 22:19:51.319537,2026-09-03
Northeast,2026-09-03 05:00:00,259.72044106209904,2026-08-28 22:19:51.319537,2026-09-03
Northeast,2026-09-03 06:00:00,215.07383784700843,2026-08-28 22:19:51.319537,2026-09-03
Northeast,2026-09-03 07:00:00,218.31884387779405,2026-08-28 22:19:51.319537,2026-09-03
Northeast,2026-09-03 08:00:00,322.11996825701823,2026-08-28 22:19:51.319537,2026-09-03
Northeast,2026-09-03 09:00:00,324.84394373716736,2026-08-28 22:19:51.319537,2026-09-03
Northeast,2026-09-03 10:00:00,313.73280230040643,2026-08-28 22:19:51.319537,2026-09-03
Northeast,2026-09-03 11:00:00,256.9611526052947,2026-08-28 22:19:51.319537,2026-09-03
Northeast,2026-09-03 12:00:00,212.0617778076594,2026-08-28 22:19:51.319537,2026-09-03
Northeast,2026-09-03 13:00:00,212.59067160966333,2026-08-28 22:19:51.319537,2026-09-03
Northeast,2026-09-03 14:00:00,317.91285970247833,2026-08-28 22:19:51.319537,2026-09-03
Northeast,2026-09-03 15:00:00,320.68534567370125,2026-08-28 22:19:51.319537,2026-09-03
Northeast,2026-09-03 16:00:00,303.0863966417795,2026-08-28 22:19:51.319537,2026-09-03
Northeast,2026-09-03 17:00:00,207.1150886024277,2026-08-28 22:19:51.319537,2026-09-03
Northeast,2026-09-03 18:00:00,262.4175096916219,2026-08-28 22:19:51.319537,2026-09-03
Northeast,2026-09-03 19:00:00,329.4906571767679,2026-08-28 22:19:51.319537,2026-09-03
Northeast,2026-09-03 20:00:00,331.5110988290839,2026-08-28 22:19:51.319537,2026-09-03
Northeast,2026-09-03 21:00:00,280.37497011574885,2026-08-28 22:19:51.319537,2026-09-03
Northeast,2026-09-03 22:00:00,278.2655384538409,2026-08-28 22:19:51.319537,2026-09-03
Northeast,2026-09-03 23:00:00,279.4552168270542,2026-08-28 22:19:51.319537,2026-09-03
Northeast,2026-09-04 00:00:00,332.89334933033876,2026-08-28 22:19:51.319537,2026-09-04
Northeast,2026-09-04 01:00:00,345.9376893517591,2026-08-28 22:19:51.319537,2026-09-04
Northeast,2026-09-04 02:00:00,344.29096566263763,2026-08-28 22:19:51.319537,2026-09-04
Northeast,2026-09-04 03:00:00,297.9745526896327,2026-08-28 22:19:51.319537,2026-09-04
Northeast,2026-09-04 04:00:00,297.1227261589265,2026-08-28 22:19:51.319537,2026-09-04
Northeast,2026-09-04 05:00:00,300.2103135988617,2026-08-28 22:19:51.319537,2026-09-04
Northeast,2026-09-04 06:00:00,352.14899040910285,2026-08-28 22:19:51.319537,2026-09-04
Northeast,2026-09-04 07:00:00,352.37956573123637,2026-08-28 22:19:51.319537,2026-09-04
Northeast,2026-09-04 08:00:00,341.53976551823064,2026-08-28 22:19:51.319537,2026-09-04
Northeast,2026-09-04 09:00:00,306.81876277306304,2026-08-28 22:19:51.319537,2026-09-04
Northeast,2026-09-04 10:00:00,243.36871398719916,2026-08-28 22:19:51.319537,2026-09-04
Northeast,2026-09-04 11:00:00,291.8570427974672,2026-08-28 22:19:51.319537,2026-09-04
Northeast,2026-09-04 12:00:00,343.9817238961094,2026-08-28 22:19:51.319537,2026-09-04
Northeast,2026-09-04 13:00:00,334.6914587808457,2026-08-28 22:19:51.319537,2026-09-04
Northeast,2026-09-04 14:00:00,281.9651247004195,2026-08-28 22:19:51.319537,2026-09-04
Northeast,2026-09-04 15:00:00,232.60798428426833,2026-08-28 22:19:51.319537,2026-09-04
Northeast,2026-09-04 16:00:00,233.85373160303533,2026-08-28 22:19:51.319537,2026-09-04
Northeast,2026-09-04 17:00:00,335.087429038713,2026-08-28 22:19:51.319537,2026-09-04
Northeast,2026-09-04 18:00:00,345.8272037685616,2026-08-28 22:19:51.319537,2026-09-04
Northwest,2026-08-28 19:00:00,126.52004917232506,2026-08-28 22:19:51.319537,2026-08-28
Northwest,2026-08-28 20:00:00,148.72394843579937,2026-08-28 22:19:51.319537,2026-08-28
Northwest,2026-08-28 21:00:00,196.6282777536926,2026-08-28 22:19:51.319537,2026-08-28
Northwest,2026-08-28 22:00:00,202.51416492939524,2026-08-28 22:19:51.319537,2026-08-28
Northwest,2026-08-28 23:00:00,196.78733424103868,2026-08-28 22:19:51.319537,2026-08-28
Northwest,2026-08-29 00:00:00,155.95549720300133,2026-08-28 22:19:51.319537,2026-08-29
Northwest,2026-08-29 01:00:00,161.7584144379793,2026-08-28 22:19:51.319537,2026-08-29
Northwest,2026-08-29 02:00:00,197.60237321067402,2026-08-28 22:19:51.319537,2026-08-29
Northwest,2026-08-29 03:00:00,190.93884906692745,2026-08-28 22:19:51.319537,2026-08-29
Northwest,2026-08-29 04:00:00,154.80900753420488,2026-08-28 22:19:51.319537,2026-08-29
Northwest,2026-08-29 05:00:00,159.74975661003123,2026-08-28 22:19:51.319537,2026-08-29
Northwest,2026-08-29 06:00:00,200.97399426990182,2026-08-28 22:19:51.319537,2026-08-29
Northwest,2026-08-29 07:00:00,191.79750188765382,2026-08-28 22:19:51.319537,2026-08-29
Northwest,2026-08-29 08:00:00,149.91630110529704,2026-08-28 22:19:51.319537,2026-08-29
Northwest,2026-08-29 09:00:00,159.88428363866203,2026-08-28 22:19:51.319537,2026-08-29
Northwest,2026-08-29 10:00:00,198.7025725657668,2026-08-28 22:19:51.319537,2026-08-29
Northwest,2026-08-29 11:00:00,198.30764692439095,2026-08-28 22:19:51.319537,2026-08-29
Northwest,2026-08-29 12:00:00,163.91252644247263,2026-08-28 22:19:51.319537,2026-08-29
Northwest,2026-08-29 13:00:00,170.94596206376912,2026-08-28 22:19:51.319537,2026-08-29
Northwest,2026-08-29 14:00:00,209.49682200955766,2026-08-28 22:19:51.319537,2026-08-29
Northwest,2026-08-29 15:00:00,199.94966299969843,2026-08-28 22:19:51.319537,2026-08-29
Northwest,2026-08-29 16:00:00,164.51072914783782,2026-08-28 22:19:51.319537,2026-08-29
Northwest,2026-08-29 17:00:00,168.79642957111548,2026-08-28 22:19:51.319537,2026-08-29
Northwest,2026-08-29 18:00:00,209.0261555934375,2026-08-28 22:19:51.319537,2026-08-29
Northwest,2026-08-29 19:00:00,201.85904197990521,2026-08-28 22:19:51.319537,2026-08-29
Northwest,2026-08-29 20:00:00,170.1396279118355,2026-08-28 22:19:51.319537,2026-08-29
Northwest,2026-08-29 21:00:00,166.9028504709065,2026-08-28 22:19:51.319537,2026-08-29
Northwest,2026-08-29 22:00:00,168.5099917255689,2026-08-28 22:19:51.319537,2026-08-29
Northwest,2026-08-29 23:00:00,212.6201183939593,2026-08-28 22:19:51.319537,2026-08-29
Northwest,2026-08-30 00:00:00,209.0930915862722,2026-08-28 22:19:51.319537,2026-08-30
Northwest,2026-08-30 01:00:00,169.12506902371382,2026-08-28 22:19:51.319537,2026-08-30
Northwest,2026-08-30 02:00:00,173.84189397042834,2026-08-28 22:19:51.319537,2026-08-30
Northwest,2026-08-30 03:00:00,210.21859598079723,2026-08-28 22:19:51.319537,2026-08-30
Northwest,2026-08-30 04:00:00,204.5488304181066,2026-08-28 22:19:51.319537,2026-08-30
Northwest,2026-08-30 05:00:00,168.42912416438944,2026-08-28 22:19:51.319537,2026-08-30
Northwest,2026-08-30 06:00:00,166.5607573913611,2026-08-28 22:19:51.319537,2026-08-30
Northwest,2026-08-30 07:00:00,165.30341241776472,2026-08-28 22:19:51.319537,2026-08-30
Northwest,2026-08-30 08:00:00,167.28727055483816,2026-08-28 22:19:51.319537,2026-08-30
Northwest,2026-08-30 09:00:00,209.65590293337982,2026-08-28 22:19:51.319537,2026-08-30
Northwest,2026-08-30 10:00:00,206.90791819772696,2026-08-28 22:19:51.319537,2026-08-30
Northwest,2026-08-30 11:00:00,166.8999267707463,2026-08-28 22:19:51.319537,2026-08-30
Northwest,2026-08-30 12:00:00,173.48333527496337,2026-08-28 22:19:51.319537,2026-08-30
Northwest,2026-08-30 13:00:00,210.98435036736643,2026-08-28 22:19:51.319537,2026-08-30
Northwest,2026-08-30 14:00:00,206.95373041677445,2026-08-28 22:19:51.319537,2026-08-30
Northwest,2026-08-30 15:00:00,164.55755902986937,2026-08-28 22:19:51.319537,2026-08-30
Northwest,2026-08-30 16:00:00,170.2210244900136,2026-08-28 22:19:51.319537,2026-08-30
Northwest,2026-08-30 17:00:00,209.27251040681054,2026-08-28 22:19:51.319537,2026-08-30
Northwest,2026-08-30 18:00:00,205.94264082889742,2026-08-28 22:19:51.319537,2026-08-30
Northwest,2026-08-30 19:00:00,164.81355088926506,2026-08-28 22:19:51.319537,2026-08-30
Northwest,2026-08-30 20:00:00,183.45197812663167,2026-08-28 22:19:51.319537,2026-08-30
Northwest,2026-08-30 21:00:00,221.22493287209488,2026-08-28 22:19:51.319537,2026-08-30
Northwest,2026-08-30 22:00:00,214.49392856263557,2026-08-28 22:19:51.319537,2026-08-30
Northwest,2026-08-30 23:00:00,176.6975727835821,2026-08-28 22:19:51.319537,2026-08-30
Northwest,2026-08-31 00:00:00,183.59064047542228,2026-08-28 22:19:51.319537,2026-08-31
Northwest,2026-08-31 01:00:00,220.58679409817358,2026-08-28 22:19:51.319537,2026-08-31
Northwest,2026-08-31 02:00:00,218.5035705712453,2026-08-28 22:19:51.319537,2026-08-31
Northwest,2026-08-31 03:00:00,176.5593479152544,2026-08-28 22:19:51.319537,2026-08-31
Northwest,2026-08-31 04:00:00,183.64819270553866,2026-08-28 22:19:51.319537,2026-08-31
Northwest,2026-08-31 05:00:00,219.29317133639267,2026-08-28 22:19:51.319537,2026-08-31
Northwest,2026-08-31 06:00:00,217.88558157076804,2026-08-28 22:19:51.319537,2026-08-31
Northwest,2026-08-31 07:00:00,175.01213024297087,2026-08-28 22:19:51.319537,2026-08-31
Northwest,2026-08-31 08:00:00,183.41679050613777,2026-08-28 22:19:51.319537,2026-08-31
Northwest,2026-08-31 09:00:00,222.92167657822853,2026-08-28 22:19:51.319537,2026-08-31
Northwest,2026-08-31 10:00:00,220.4409021208758,2026-08-28 22:19:51.319537,2026-08-31
Northwest,2026-08-31 11:00:00,174.5024308079552,2026-08-28 22:19:51.319537,2026-08-31
Northwest,2026-08-31 12:00:00,180.10307452670085,2026-08-28 22:19:51.319537,2026-08-31
Northwest,2026-08-31 13:00:00,221.56004408248504,2026-08-28 22:19:51.319537,2026-08-31
Northwest,2026-08-31 14:00:00,213.84254030083213,2026-08-28 22:19:51.319537,2026-08-31
Northwest,2026-08-31 15:00:00,178.42141520614754,2026-08-28 22:19:51.319537,2026-08-31
Northwest,2026-08-31 16:00:00,187.31073266956804,2026-08-28 22:19:51.319537,2026-08-31
Northwest,2026-08-31 17:00:00,225.66958835373077,2026-08-28 22:19:51.319537,2026-08-31
Northwest,2026-08-31 18:00:00,220.78155171214965,2026-08-28 22:19:51.319537,2026-08-31
Northwest,2026-08-31 19:00:00,177.00060632629567,2026-08-28 22:19:51.319537,2026-08-31
Northwest,2026-08-31 20:00:00,190.464454201366,2026-08-28 22:19:51.319537,2026-08-31
Northwest,2026-08-31 21:00:00,228.70252874915346,2026-08-28 22:19:51.319537,2026-08-31
Northwest,2026-08-31 22:00:00,224.9778306932103,2026-08-28 22:19:51.319537,2026-08-31
Northwest,2026-08-31 23:00:00,181.68096772694284,2026-08-28 22:19:51.319537,2026-08-31
Northwest,2026-09-01 00:00:00,186.90289137665945,2026-08-28 22:19:51.319537,2026-09-01
Northwest,2026-09-01 01:00:00,227.60592548155924,2026-08-28 22:19:51.319537,2026-09-01
Northwest,2026-09-01 02:00:00,224.68403321660014,2026-08-28 22:19:51.319537,2026-09-01
Northwest,2026-09-01 03:00:00,178.84366554531542,2026-08-28 22:19:51.319537,2026-09-01
Northwest,2026-09-01 04:00:00,185.43807221347788,2026-08-28 22:19:51.319537,2026-09-01
Northwest,2026-09-01 05:00:00,227.38457058190696,2026-08-28 22:19:51.319537,2026-09-01
Northwest,2026-09-01 06:00:00,226.1368929299209,2026-08-28 22:19:51.319537,2026-09-01
Northwest,2026-09-01 07:00:00,181.10162977501398,2026-08-28 22:19:51.319537,2026-09-01
Northwest,2026-09-01 08:00:00,185.78777819248026,2026-08-28 22:19:51.319537,2026-09-01
Northwest,2026-09-01 09:00:00,230.6030755521505,2026-08-28 22:19:51.319537,2026-09-01
Northwest,2026-09-01 10:00:00,228.19882379287083,2026-08-28 22:19:51.319537,2026-09-01
Northwest,2026-09-01 11:00:00,185.28590548674646,2026-08-28 22:19:51.319537,2026-09-01
Northwest,2026-09-01 12:00:00,191.10956189545422,2026-08-28 22:19:51.319537,2026-09-01
Northwest,2026-09-01 13:00:00,234.65781445416874,2026-08-28 22:19:51.319537,2026-09-01
Northwest,2026-09-01 14:00:00,236.59271599901422,2026-08-28 22:19:51.319537,2026-09-01
Northwest,2026-09-01 15:00:00,231.2591348563626,2026-08-28 22:19:51.319537,2026-09-01
Northwest,2026-09-01 16:00:00,188.55986573209321,2026-08-28 22:19:51.319537,2026-09-01
Northwest,2026-09-01 17:00:00,193.85197141932653,2026-08-28 22:19:51.319537,2026-09-01
Northwest,2026-09-01 18:00:00,231.1847728123742,2026-08-28 22:19:51.319537,2026-09-01
Northwest,2026-09-01 19:00:00,228.1537262838243,2026-08-28 22:19:51.319537,2026-09-01
Northwest,2026-09-01 20:00:00,187.69819610857957,2026-08-28 22:19:51.319537,2026-09-01
Northwest,2026-09-01 21:00:00,191.5084994399098,2026-08-28 22:19:51.319537,2026-09-01
Northwest,2026-09-01 22:00:00,234.48669423496693,2026-08-28 22:19:51.319537,2026-09-01
Northwest,2026-09-01 23:00:00,232.3701585383188,2026-08-28 22:19:51.319537,2026-09-01
Northwest,2026-09-02 00:00:00,179.14874349935457,2026-08-28 22:19:51.319537,2026-09-02
Northwest,2026-09-02 01:00:00,183.7218497199762,2026-08-28 22:19:51.319537,2026-09-02
Northwest,2026-09-02 02:00:00,222.92121282537565,2026-08-28 22:19:51.319537,2026-09-02
Northwest,2026-09-02 03:00:00,220.57757611266138,2026-08-28 22:19:51.319537,2026-09-02
Northwest,2026-09-02 04:00:00,175.8827978028127,2026-08-28 22:19:51.319537,2026-09-02
Northwest,2026-09-02 05:00:00,183.90182233631404,2026-08-28 22:19:51.319537,2026-09-02
Northwest,2026-09-02 06:00:00,224.75191242679054,2026-08-28 22:19:51.319537,2026-09-02
Northwest,2026-09-02 07:00:00,220.9213635632742,2026-08-28 22:19:51.319537,2026-09-02
Northwest,2026-09-02 08:00:00,177.8026460149213,2026-08-28 22:19:51.319537,2026-09-02
Northwest,2026-09-02 09:00:00,184.4495423378941,2026-08-28 22:19:51.319537,2026-09-02
Northwest,2026-09-02 10:00:00,224.3981466487992,2026-08-28 22:19:51.319537,2026-09-02
Northwest,2026-09-02 11:00:00,220.53604180711957,2026-08-28 22:19:51.319537,2026-09-02
Northwest,2026-09-02 12:00:00,175.84470284652073,2026-08-28 22:19:51.319537,2026-09-02
Northwest,2026-09-02 13:00:00,188.3096843169602,2026-08-28 22:19:51.319537,2026-09-02
Northwest,2026-09-02 14:00:00,229.5647656818052,2026-08-28 22:19:51.319537,2026-09-02
Northwest,2026-09-02 15:00:00,227.59792917454897,2026-08-28 22:19:51.319537,2026-09-02
Northwest,2026-09-02 16:00:00,185.06212897975527,2026-08-28 22:19:51.319537,2026-09-02
Northwest,2026-09-02 17:00:00,193.38819421595548,2026-08-28 22:19:51.319537,2026-09-02
Northwest,2026-09-02 18:00:00,230.1118026820308,2026-08-28 22:19:51.319537,2026-09-02
Northwest,2026-09-02 19:00:00,222.92913083829134,2026-08-28 22:19:51.319537,2026-09-02
Northwest,2026-09-02 20:00:00,179.10544821612632,2026-08-28 22:19:51.319537,2026-09-02
Northwest,2026-09-02 21:00:00,186.2469137487118,2026-08-28 22:19:51.319537,2026-09-02
Northwest,2026-09-02 22:00:00,226.4404398309554,2026-08-28 22:19:51.319537,2026-09-02
Northwest,2026-09-02 23:00:00,223.4346145073591,2026-08-28 22:19:51.319537,2026-09-02
Northwest,2026-09-03 00:00:00,183.28494747895596,2026-08-28 22:19:51.319537,2026-09-03
Northwest,2026-09-03 01:00:00,189.33935895965362,2026-08-28 22:19:51.319537,2026-09-03
Northwest,2026-09-03 02:00:00,228.22982326101788,2026-08-28 22:19:51.319537,2026-09-03
Northwest,2026-09-03 03:00:00,227.09308165613183,2026-08-28 22:19:51.319537,2026-09-03
Northwest,2026-09-03 04:00:00,183.0533134118407,2026-08-28 22:19:51.319537,2026-09-03
Northwest,2026-09-03 05:00:00,187.97645030900406,2026-08-28 22:19:51.319537,2026-09-03
Northwest,2026-09-03 06:00:00,232.52129573823174,2026-08-28 22:19:51.319537,2026-09-03
Northwest,2026-09-03 07:00:00,230.48089616605935,2026-08-28 22:19:51.319537,2026-09-03
Northwest,2026-09-03 08:00:00,184.47917729930884,2026-08-28 22:19:51.319537,2026-09-03
Northwest,2026-09-03 09:00:00,189.98428188423063,2026-08-28 22:19:51.319537,2026-09-03
Northwest,2026-09-03 10:00:00,233.81477704064108,2026-08-28 22:19:51.319537,2026-09-03
Northwest,2026-09-03 11:00:00,231.3771666027519,2026-08-28 22:19:51.319537,2026-09-03
Northwest,2026-09-03 12:00:00,183.95463263540577,2026-08-28 22:19:51.319537,2026-09-03
Northwest,2026-09-03 13:00:00,191.24844957755283,2026-08-28 22:19:51.319537,2026-09-03
Northwest,2026-09-03 14:00:00,286.287821005771,2026-08-28 22:19:51.319537,2026-09-03
Northwest,2026-09-03 15:00:00,290.661041548171,2026-08-28 22:19:51.319537,2026-09-03
Northwest,2026-09-03 16:00:00,232.92252496904007,2026-08-28 22:19:51.319537,2026-09-03
Northwest,2026-09-03 17:00:00,185.82474869628794,2026-08-28 22:19:51.319537,2026-09-03
Northwest,2026-09-03 18:00:00,191.1126847324447,2026-08-28 22:19:51.319537,2026-09-03
Northwest,2026-09-03 19:00:00,233.45370660434023,2026-08-28 22:19:51.319537,2026-09-03
Northwest,2026-09-03 20:00:00,238.03516446575964,2026-08-28 22:19:51.319537,2026-09-03
Northwest,2026-09-03 21:00:00,240.735191044815,2026-08-28 22:19:51.319537,2026-09-03
Northwest,2026-09-03 22:00:00,243.00602575012002,2026-08-28 22:19:51.319537,2026-09-03
Northwest,2026-09-03 23:00:00,240.26337310164374,2026-08-28 22:19:51.319537,2026-09-03
Northwest,2026-09-04 00:00:00,216.10223635482384,2026-08-28 22:19:51.319537,2026-09-04
Northwest,2026-09-04 01:00:00,237.65301689367152,2026-08-28 22:19:51.319537,2026-09-04
Northwest,2026-09-04 02:00:00,287.23317226515144,2026-08-28 22:19:51.319537,2026-09-04
Northwest,2026-09-04 03:00:00,289.88136369293545,2026-08-28 22:19:51.319537,2026-09-04
Northwest,2026-09-04 04:00:00,287.69989434874435,2026-08-28 22:19:51.319537,2026-09-04
Northwest,2026-09-04 05:00:00,237.06051426199255,2026-08-28 22:19:51.319537,2026-09-04
Northwest,2026-09-04 06:00:00,240.14641703712522,2026-08-28 22:19:51.319537,2026-09-04
Northwest,2026-09-04 07:00:00,285.6929018062412,2026-08-28 22:19:51.319537,2026-09-04
Northwest,2026-09-04 08:00:00,291.7730615705583,2026-08-28 22:19:51.319537,2026-09-04
Northwest,2026-09-04 09:00:00,288.8253782315658,2026-08-28 22:19:51.319537,2026-09-04
Northwest,2026-09-04 10:00:00,237.800939017805,2026-08-28 22:19:51.319537,2026-09-04
Northwest,2026-09-04 11:00:00,239.5005106253764,2026-08-28 22:19:51.319537,2026-09-04
Northwest,2026-09-04 12:00:00,289.58897615126165,2026-08-28 22:19:51.319537,2026-09-04
Northwest,2026-09-04 13:00:00,297.29847694497545,2026-08-28 22:19:51.319537,2026-09-04
Northwest,2026-09-04 14:00:00,296.9702690302168,2026-08-28 22:19:51.319537,2026-09-04
Northwest,2026-09-04 15:00:00,260.74859326851407,2026-08-28 22:19:51.319537,2026-09-04
Northwest,2026-09-04 16:00:00,246.04567083332586,2026-08-28 22:19:51.319537,2026-09-04
Northwest,2026-09-04 17:00:00,242.2012302766833,2026-08-28 22:19:51.319537,2026-09-04
Northwest,2026-09-04 18:00:00,239.95133422768058,2026-08-28 22:19:51.319537,2026-09-04
Ottawa,2026-08-28 19:00:00,151.8440505426146,2026-08-28 22:19:51.319537,2026-08-28
Ottawa,2026-08-28 20:00:00,160.9897578716596,2026-08-28 22:19:51.319537,2026-08-28
Ottawa,2026-08-28 21:00:00,202.79963257018434,2026-08-28 22:19:51.319537,2026-08-28
Ottawa,2026-08-28 22:00:00,201.36786448097263,2026-08-28 22:19:51.319537,2026-08-28
Ottawa,2026-08-28 23:00:00,150.45388484838682,2026-08-28 22:19:51.319537,2026-08-28
Ottawa,2026-08-29 00:00:00,154.96707390701957,2026-08-28 22:19:51.319537,2026-08-29
Ottawa,2026-08-29 01:00:00,183.08842864469173,2026-08-28 22:19:51.319537,2026-08-29
Ottawa,2026-08-29 02:00:00,182.15754061058598,2026-08-28 22:19:51.319537,2026-08-29
Ottawa,2026-08-29 03:00:00,147.52269816130166,2026-08-28 22:19:51.319537,2026-08-29
Ottawa,2026-08-29 04:00:00,149.84849322743375,2026-08-28 22:19:51.319537,2026-08-29
Ottawa,2026-08-29 05:00:00,178.1205403766076,2026-08-28 22:19:51.319537,2026-08-29
Ottawa,2026-08-29 06:00:00,175.5991110522099,2026-08-28 22:19:51.319537,2026-08-29
Ottawa,2026-08-29 07:00:00,144.28892620358366,2026-08-28 22:19:51.319537,2026-08-29
Ottawa,2026-08-29 08:00:00,158.73343859484893,2026-08-28 22:19:51.319537,2026-08-29
Ottawa,2026-08-29 09:00:00,201.43888536512426,2026-08-28 22:19:51.319537,2026-08-29
Ottawa,2026-08-29 10:00:00,209.3683216197407,2026-08-28 22:19:51.319537,2026-08-29
Ottawa,2026-08-29 11:00:00,217.7367795886355,2026-08-28 22:19:51.319537,2026-08-29
Ottawa,2026-08-29 12:00:00,228.66491269831664,2026-08-28 22:19:51.319537,2026-08-29
Ottawa,2026-08-29 13:00:00,229.7333285820311,2026-08-28 22:19:51.319537,2026-08-29
Ottawa,2026-08-29 14:00:00,232.5416212776879,2026-08-28 22:19:51.319537,2026-08-29
Ottawa,2026-08-29 15:00:00,235.4916875374339,2026-08-28 22:19:51.319537,2026-08-29
Ottawa,2026-08-29 16:00:00,236.28479814140763,2026-08-28 22:19:51.319537,2026-08-29
Ottawa,2026-08-29 17:00:00,226.82066912832175,2026-08-28 22:19:51.319537,2026-08-29
Ottawa,2026-08-29 18:00:00,185.03064613250322,2026-08-28 22:19:51.319537,2026-08-29
Ottawa,2026-08-29 19:00:00,183.74241480681374,2026-08-28 22:19:51.319537,2026-08-29
Ottawa,2026-08-29 20:00:00,170.04030283082324,2026-08-28 22:19:51.319537,2026-08-29
Ottawa,2026-08-29 21:00:00,171.26200416171443,2026-08-28 22:19:51.319537,2026-08-29
Ottawa,2026-08-29 22:00:00,206.9983617162585,2026-08-28 22:19:51.319537,2026-08-29
Ottawa,2026-08-29 23:00:00,203.30958039738076,2026-08-28 22:19:51.319537,2026-08-29
Ottawa,2026-08-30 00:00:00,171.763148047223,2026-08-28 22:19:51.319537,2026-08-30
Ottawa,2026-08-30 01:00:00,168.0002709273106,2026-08-28 22:19:51.319537,2026-08-30
Ottawa,2026-08-30 02:00:00,176.27866058176554,2026-08-28 22:19:51.319537,2026-08-30
Ottawa,2026-08-30 03:00:00,218.34127259266745,2026-08-28 22:19:51.319537,2026-08-30
Ottawa,2026-08-30 04:00:00,210.8830501944067,2026-08-28 22:19:51.319537,2026-08-30
Ottawa,2026-08-30 05:00:00,166.72556967554647,2026-08-28 22:19:51.319537,2026-08-30
Ottawa,2026-08-30 06:00:00,169.58232831918832,2026-08-28 22:19:51.319537,2026-08-30
Ottawa,2026-08-30 07:00:00,212.55726798129947,2026-08-28 22:19:51.319537,2026-08-30
Ottawa,2026-08-30 08:00:00,227.17401155203095,2026-08-28 22:19:51.319537,2026-08-30
Ottawa,2026-08-30 09:00:00,241.17445928147865,2026-08-28 22:19:51.319537,2026-08-30
Ottawa,2026-08-30 10:00:00,251.31361067242648,2026-08-28 22:19:51.319537,2026-08-30
Ottawa,2026-08-30 11:00:00,259.6754724856554,2026-08-28 22:19:51.319537,2026-08-30
Ottawa,2026-08-30 12:00:00,260.9759778473645,2026-08-28 22:19:51.319537,2026-08-30
Ottawa,2026-08-30 13:00:00,254.6731464087712,2026-08-28 22:19:51.319537,2026-08-30
Ottawa,2026-08-30 14:00:00,195.39288486134927,2026-08-28 22:19:51.319537,2026-08-30
Ottawa,2026-08-30 15:00:00,198.0033898131322,2026-08-28 22:19:51.319537,2026-08-30
Ottawa,2026-08-30 16:00:00,245.5891859663626,2026-08-28 22:19:51.319537,2026-08-30
Ottawa,2026-08-30 17:00:00,244.5613712024982,2026-08-28 22:19:51.319537,2026-08-30
Ottawa,2026-08-30 18:00:00,204.3311810097678,2026-08-28 22:19:51.319537,2026-08-30
Ottawa,2026-08-30 19:00:00,206.12249839722412,2026-08-28 22:19:51.319537,2026-08-30
Ottawa,2026-08-30 20:00:00,250.38043961974174,2026-08-28 22:19:51.319537,2026-08-30
Ottawa,2026-08-30 21:00:00,249.36685694642125,2026-08-28 22:19:51.319537,2026-08-30
Ottawa,2026-08-30 22:00:00,195.04517624432637,2026-08-28 22:19:51.319537,2026-08-30
Ottawa,2026-08-30 23:00:00,194.5829505806185,2026-08-28 22:19:51.319537,2026-08-30
Ottawa,2026-08-31 00:00:00,204.01092762504896,2026-08-28 22:19:51.319537,2026-08-31
Ottawa,2026-08-31 01:00:00,255.42833605990143,2026-08-28 22:19:51.319537,2026-08-31
Ottawa,2026-08-31 02:00:00,244.63072473114119,2026-08-28 22:19:51.319537,2026-08-31
Ottawa,2026-08-31 03:00:00,183.09665673643948,2026-08-28 22:19:51.319537,2026-08-31
Ottawa,2026-08-31 04:00:00,185.60449002666564,2026-08-28 22:19:51.319537,2026-08-31
Ottawa,2026-08-31 05:00:00,234.42643614798425,2026-08-28 22:19:51.319537,2026-08-31
Ottawa,2026-08-31 06:00:00,233.78579660185858,2026-08-28 22:19:51.319537,2026-08-31
Ottawa,2026-08-31 07:00:00,174.3812681282983,2026-08-28 22:19:51.319537,2026-08-31
Ottawa,2026-08-31 08:00:00,195.0464686551646,2026-08-28 22:19:51.319537,2026-08-31
Ottawa,2026-08-31 09:00:00,238.0857797646916,2026-08-28 22:19:51.319537,2026-08-31
Ottawa,2026-08-31 10:00:00,244.1613458475928,2026-08-28 22:19:51.319537,2026-08-31
Ottawa,2026-08-31 11:00:00,257.874945876008,2026-08-28 22:19:51.319537,2026-08-31
Ottawa,2026-08-31 12:00:00,272.82321571696303,2026-08-28 22:19:51.319537,2026-08-31
Ottawa,2026-08-31 13:00:00,280.72531466500834,2026-08-28 22:19:51.319537,2026-08-31
Ottawa,2026-08-31 14:00:00,283.62793781810126,2026-08-28 22:19:51.319537,2026-08-31
Ottawa,2026-08-31 15:00:00,284.03116451663163,2026-08-28 22:19:51.319537,2026-08-31
Ottawa,2026-08-31 16:00:00,333.0314793116696,2026-08-28 22:19:51.319537,2026-08-31
Ottawa,2026-08-31 17:00:00,336.6693830021218,2026-08-28 22:19:51.319537,2026-08-31
Ottawa,2026-08-31 18:00:00,287.8908584164302,2026-08-28 22:19:51.319537,2026-08-31
Ottawa,2026-08-31 19:00:00,209.56123922661348,2026-08-28 22:19:51.319537,2026-08-31
Ottawa,2026-08-31 20:00:00,212.64987639904933,2026-08-28 22:19:51.319537,2026-08-31
Ottawa,2026-08-31 21:00:00,266.81796600599006,2026-08-28 22:19:51.319537,2026-08-31
Ottawa,2026-08-31 22:00:00,253.1491428023853,2026-08-28 22:19:51.319537,2026-08-31
Ottawa,2026-08-31 23:00:00,191.2762742901652,2026-08-28 22:19:51.319537,2026-08-31
Ottawa,2026-09-01 00:00:00,178.71191789054907,2026-08-28 22:19:51.319537,2026-09-01
Ottawa,2026-09-01 01:00:00,163.93339923741567,2026-08-28 22:19:51.319537,2026-09-01
Ottawa,2026-09-01 02:00:00,162.65540482850267,2026-08-28 22:19:51.319537,2026-09-01
Ottawa,2026-09-01 03:00:00,162.85277463983047,2026-08-28 22:19:51.319537,2026-09-01
Ottawa,2026-09-01 04:00:00,193.19857177940952,2026-08-28 22:19:51.319537,2026-09-01
Ottawa,2026-09-01 05:00:00,212.60874275758428,2026-08-28 22:19:51.319537,2026-09-01
Ottawa,2026-09-01 06:00:00,214.81991756620377,2026-08-28 22:19:51.319537,2026-09-01
Ottawa,2026-09-01 07:00:00,215.61596484141566,2026-08-28 22:19:51.319537,2026-09-01
Ottawa,2026-09-01 08:00:00,222.36482647270742,2026-08-28 22:19:51.319537,2026-09-01
Ottawa,2026-09-01 09:00:00,222.20537036728453,2026-08-28 22:19:51.319537,2026-09-01
Ottawa,2026-09-01 10:00:00,256.4096625756757,2026-08-28 22:19:51.319537,2026-09-01
Ottawa,2026-09-01 11:00:00,300.498852493475,2026-08-28 22:19:51.319537,2026-09-01
Ottawa,2026-09-01 12:00:00,311.4743235763258,2026-08-28 22:19:51.319537,2026-09-01
Ottawa,2026-09-01 13:00:00,313.85354699180726,2026-08-28 22:19:51.319537,2026-09-01
Ottawa,2026-09-01 14:00:00,318.5823635219568,2026-08-28 22:19:51.319537,2026-09-01
Ottawa,2026-09-01 15:00:00,268.0783855789131,2026-08-28 22:19:51.319537,2026-09-01
Ottawa,2026-09-01 16:00:00,227.1045376143477,2026-08-28 22:19:51.319537,2026-09-01
Ottawa,2026-09-01 17:00:00,290.8685964631873,2026-08-28 22:19:51.319537,2026-09-01
Ottawa,2026-09-01 18:00:00,338.59870435504456,2026-08-28 22:19:51.319537,2026-09-01
Ottawa,2026-09-01 19:00:00,261.337681922911,2026-08-28 22:19:51.319537,2026-09-01
Ottawa,2026-09-01 20:00:00,200.7501015355345,2026-08-28 22:19:51.319537,2026-09-01
Ottawa,2026-09-01 21:00:00,254.64531510530168,2026-08-28 22:19:51.319537,2026-09-01
Ottawa,2026-09-01 22:00:00,282.4427809036567,2026-08-28 22:19:51.319537,2026-09-01
Ottawa,2026-09-01 23:00:00,219.95317420146316,2026-08-28 22:19:51.319537,2026-09-01
Ottawa,2026-09-02 00:00:00,169.9592970872053,2026-08-28 22:19:51.319537,2026-09-02
Ottawa,2026-09-02 01:00:00,166.8315056522728,2026-08-28 22:19:51.319537,2026-09-02
Ottawa,2026-09-02 02:00:00,213.27714354594772,2026-08-28 22:19:51.319537,2026-09-02
Ottawa,2026-09-02 03:00:00,260.52167025031076,2026-08-28 22:19:51.319537,2026-09-02
Ottawa,2026-09-02 04:00:00,200.3893462285292,2026-08-28 22:19:51.319537,2026-09-02
Ottawa,2026-09-02 05:00:00,169.1598687724596,2026-08-28 22:19:51.319537,2026-09-02
Ottawa,2026-09-02 06:00:00,165.02308424335507,2026-08-28 22:19:51.319537,2026-09-02
Ottawa,2026-09-02 07:00:00,177.81436704882236,2026-08-28 22:19:51.319537,2026-09-02
Ottawa,2026-09-02 08:00:00,223.51364761403102,2026-08-28 22:19:51.319537,2026-09-02
Ottawa,2026-09-02 09:00:00,231.1091468709535,2026-08-28 22:19:51.319537,2026-09-02
Ottawa,2026-09-02 10:00:00,303.12437073426446,2026-08-28 22:19:51.319537,2026-09-02
Ottawa,2026-09-02 11:00:00,300.7518960751078,2026-08-28 22:19:51.319537,2026-09-02
Ottawa,2026-09-02 12:00:00,250.74072346320412,2026-08-28 22:19:51.319537,2026-09-02
Ottawa,2026-09-02 13:00:00,257.51632646569004,2026-08-28 22:19:51.319537,2026-09-02
Ottawa,2026-09-02 14:00:00,309.3967447621095,2026-08-28 22:19:51.319537,2026-09-02
Ottawa,2026-09-02 15:00:00,306.753305429311,2026-08-28 22:19:51.319537,2026-09-02
Ottawa,2026-09-02 16:00:00,247.94612108962912,2026-08-28 22:19:51.319537,2026-09-02
Ottawa,2026-09-02 17:00:00,258.2610026251248,2026-08-28 22:19:51.319537,2026-09-02
Ottawa,2026-09-02 18:00:00,313.9158548974992,2026-08-28 22:19:51.319537,2026-09-02
Ottawa,2026-09-02 19:00:00,314.9210864152097,2026-08-28 22:19:51.319537,2026-09-02
Ottawa,2026-09-02 20:00:00,258.3781235874317,2026-08-28 22:19:51.319537,2026-09-02
Ottawa,2026-09-02 21:00:00,203.05652160587744,2026-08-28 22:19:51.319537,2026-09-02
Ottawa,2026-09-02 22:00:00,263.41863911577656,2026-08-28 22:19:51.319537,2026-09-02
Ottawa,2026-09-02 23:00:00,306.35910287201784,2026-08-28 22:19:51.319537,2026-09-02
Ottawa,2026-09-03 00:00:00,265.20992156715414,2026-08-28 22:19:51.319537,2026-09-03
Ottawa,2026-09-03 01:00:00,201.0163245240527,2026-08-28 22:19:51.319537,2026-09-03
Ottawa,2026-09-03 02:00:00,214.80280540621325,2026-08-28 22:19:51.319537,2026-09-03
Ottawa,2026-09-03 03:00:00,258.0942047613615,2026-08-28 22:19:51.319537,2026-09-03
Ottawa,2026-09-03 04:00:00,265.1217642519189,2026-08-28 22:19:51.319537,2026-09-03
Ottawa,2026-09-03 05:00:00,257.54935485729777,2026-08-28 22:19:51.319537,2026-09-03
Ottawa,2026-09-03 06:00:00,209.28825709098686,2026-08-28 22:19:51.319537,2026-09-03
Ottawa,2026-09-03 07:00:00,222.8571781560031,2026-08-28 22:19:51.319537,2026-09-03
Ottawa,2026-09-03 08:00:00,282.49753484744446,2026-08-28 22:19:51.319537,2026-09-03
Ottawa,2026-09-03 09:00:00,280.37471659049993,2026-08-28 22:19:51.319537,2026-09-03
Ottawa,2026-09-03 10:00:00,220.51361717201104,2026-08-28 22:19:51.319537,2026-09-03
Ottawa,2026-09-03 11:00:00,287.7565042147481,2026-08-28 22:19:51.319537,2026-09-03
Ottawa,2026-09-03 12:00:00,338.0082777923622,2026-08-28 22:19:51.319537,2026-09-03
Ottawa,2026-09-03 13:00:00,330.3036064434011,2026-08-28 22:19:51.319537,2026-09-03
Ottawa,2026-09-03 14:00:00,263.14612822017716,2026-08-28 22:19:51.319537,2026-09-03
Ottawa,2026-09-03 15:00:00,265.4856319847253,2026-08-28 22:19:51.319537,2026-09-03
Ottawa,2026-09-03 16:00:00,322.4283947161044,2026-08-28 22:19:51.319537,2026-09-03
Ottawa,2026-09-03 17:00:00,266.3848254185766,2026-08-28 22:19:51.319537,2026-09-03
Ottawa,2026-09-03 18:00:00,266.0035263991721,2026-08-28 22:19:51.319537,2026-09-03
Ottawa,2026-09-03 19:00:00,258.5667125622555,2026-08-28 22:19:51.319537,2026-09-03
Ottawa,2026-09-03 20:00:00,257.0327865427292,2026-08-28 22:19:51.319537,2026-09-03
Ottawa,2026-09-03 21:00:00,199.39474956435842,2026-08-28 22:19:51.319537,2026-09-03
Ottawa,2026-09-03 22:00:00,254.59620035752624,2026-08-28 22:19:51.319537,2026-09-03
Ottawa,2026-09-03 23:00:00,287.9517274006978,2026-08-28 22:19:51.319537,2026-09-03
Ottawa,2026-09-04 00:00:00,240.44016811049238,2026-08-28 22:19:51.319537,2026-09-04
Ottawa,2026-09-04 01:00:00,208.6285411606172,2026-08-28 22:19:51.319537,2026-09-04
Ottawa,2026-09-04 02:00:00,209.57351822557612,2026-08-28 22:19:51.319537,2026-09-04
Ottawa,2026-09-04 03:00:00,250.86868821863942,2026-08-28 22:19:51.319537,2026-09-04
Ottawa,2026-09-04 04:00:00,305.7844227743877,2026-08-28 22:19:51.319537,2026-09-04
Ottawa,2026-09-04 05:00:00,255.91558455262984,2026-08-28 22:19:51.319537,2026-09-04
Ottawa,2026-09-04 06:00:00,211.25798767136328,2026-08-28 22:19:51.319537,2026-09-04
Ottawa,2026-09-04 07:00:00,213.34087457763098,2026-08-28 22:19:51.319537,2026-09-04
Ottawa,2026-09-04 08:00:00,254.1065497209482,2026-08-28 22:19:51.319537,2026-09-04
Ottawa,2026-09-04 09:00:00,250.81172166249044,2026-08-28 22:19:51.319537,2026-09-04
Ottawa,2026-09-04 10:00:00,210.26733367264757,2026-08-28 22:19:51.319537,2026-09-04
Ottawa,2026-09-04 11:00:00,265.1245231653039,2026-08-28 22:19:51.319537,2026-09-04
Ottawa,2026-09-04 12:00:00,313.6004554431314,2026-08-28 22:19:51.319537,2026-09-04
Ottawa,2026-09-04 13:00:00,320.40078501562573,2026-08-28 22:19:51.319537,2026-09-04
Ottawa,2026-09-04 14:00:00,323.4455265398548,2026-08-28 22:19:51.319537,2026-09-04
Ottawa,2026-09-04 15:00:00,332.88008448718773,2026-08-28 22:19:51.319537,2026-09-04
Ottawa,2026-09-04 16:00:00,334.4952702425093,2026-08-28 22:19:51.319537,2026-09-04
Ottawa,2026-09-04 17:00:00,334.05857816064844,2026-08-28 22:19:51.319537,2026-09-04
Ottawa,2026-09-04 18:00:00,290.1480529539922,2026-08-28 22:19:51.319537,2026-09-04
Southwest,2026-08-28 19:00:00,251.44290688354192,2026-08-28 22:19:51.319537,2026-08-28
Southwest,2026-08-28 20:00:00,278.1037382213076,2026-08-28 22:19:51.319537,2026-08-28
Southwest,2026-08-28 21:00:00,324.3218798691221,2026-08-28 22:19:51.319537,2026-08-28
Southwest,2026-08-28 22:00:00,324.23939756646195,2026-08-28 22:19:51.319537,2026-08-28
Southwest,2026-08-28 23:00:00,306.9226717851638,2026-08-28 22:19:51.319537,2026-08-28
Southwest,2026-08-29 00:00:00,264.061478124499,2026-08-28 22:19:51.319537,2026-08-29
Southwest,2026-08-29 01:00:00,256.11951542887977,2026-08-28 22:19:51.319537,2026-08-29
Southwest,2026-08-29 02:00:00,255.45487086625522,2026-08-28 22:19:51.319537,2026-08-29
Southwest,2026-08-29 03:00:00,256.2918424394753,2026-08-28 22:19:51.319537,2026-08-29
Southwest,2026-08-29 04:00:00,292.9525650830009,2026-08-28 22:19:51.319537,2026-08-29
Southwest,2026-08-29 05:00:00,289.2635837327818,2026-08-28 22:19:51.319537,2026-08-29
Southwest,2026-08-29 06:00:00,249.20716250446344,2026-08-28 22:19:51.319537,2026-08-29
Southwest,2026-08-29 07:00:00,252.3956619099274,2026-08-28 22:19:51.319537,2026-08-29
Southwest,2026-08-29 08:00:00,288.54314993380694,2026-08-28 22:19:51.319537,2026-08-29
Southwest,2026-08-29 09:00:00,321.7380855936842,2026-08-28 22:19:51.319537,2026-08-29
Southwest,2026-08-29 10:00:00,329.7002925164516,2026-08-28 22:19:51.319537,2026-08-29
Southwest,2026-08-29 11:00:00,320.00102902310675,2026-08-28 22:19:51.319537,2026-08-29
Southwest,2026-08-29 12:00:00,289.6799728631577,2026-08-28 22:19:51.319537,2026-08-29
Southwest,2026-08-29 13:00:00,287.55101800754323,2026-08-28 22:19:51.319537,2026-08-29
Southwest,2026-08-29 14:00:00,291.53954285168555,2026-08-28 22:19:51.319537,2026-08-29
Southwest,2026-08-29 15:00:00,327.3751977671011,2026-08-28 22:19:51.319537,2026-08-29
Southwest,2026-08-29 16:00:00,330.0009187821932,2026-08-28 22:19:51.319537,2026-08-29
Southwest,2026-08-29 17:00:00,320.89199171470733,2026-08-28 22:19:51.319537,2026-08-29
Southwest,2026-08-29 18:00:00,284.9208102498064,2026-08-28 22:19:51.319537,2026-08-29
Southwest,2026-08-29 19:00:00,283.5721794217041,2026-08-28 22:19:51.319537,2026-08-29
Southwest,2026-08-29 20:00:00,291.08628866557393,2026-08-28 22:19:51.319537,2026-08-29
Southwest,2026-08-29 21:00:00,328.0796928049979,2026-08-28 22:19:51.319537,2026-08-29
Southwest,2026-08-29 22:00:00,334.52860889036486,2026-08-28 22:19:51.319537,2026-08-29
Southwest,2026-08-29 23:00:00,326.31173493753323,2026-08-28 22:19:51.319537,2026-08-29
Southwest,2026-08-30 00:00:00,311.3418014586091,2026-08-28 22:19:51.319537,2026-08-30
Southwest,2026-08-30 01:00:00,259.52539517342115,2026-08-28 22:19:51.319537,2026-08-30
Southwest,2026-08-30 02:00:00,263.311989833197,2026-08-28 22:19:51.319537,2026-08-30
Southwest,2026-08-30 03:00:00,294.9903072382863,2026-08-28 22:19:51.319537,2026-08-30
Southwest,2026-08-30 04:00:00,299.31488539632676,2026-08-28 22:19:51.319537,2026-08-30
Southwest,2026-08-30 05:00:00,294.38055853595455,2026-08-28 22:19:51.319537,2026-08-30
Southwest,2026-08-30 06:00:00,260.31486913280054,2026-08-28 22:19:51.319537,2026-08-30
Southwest,2026-08-30 07:00:00,256.66389383128643,2026-08-28 22:19:51.319537,2026-08-30
Southwest,2026-08-30 08:00:00,260.4540251391329,2026-08-28 22:19:51.319537,2026-08-30
Southwest,2026-08-30 09:00:00,299.9832421395554,2026-08-28 22:19:51.319537,2026-08-30
Southwest,2026-08-30 10:00:00,307.7975383468147,2026-08-28 22:19:51.319537,2026-08-30
Southwest,2026-08-30 11:00:00,312.54307367893296,2026-08-28 22:19:51.319537,2026-08-30
Southwest,2026-08-30 12:00:00,310.55201292675275,2026-08-28 22:19:51.319537,2026-08-30
Southwest,2026-08-30 13:00:00,263.443305113892,2026-08-28 22:19:51.319537,2026-08-30
Southwest,2026-08-30 14:00:00,263.76514221137523,2026-08-28 22:19:51.319537,2026-08-30
Southwest,2026-08-30 15:00:00,289.8746736469524,2026-08-28 22:19:51.319537,2026-08-30
Southwest,2026-08-30 16:00:00,300.40236177371116,2026-08-28 22:19:51.319537,2026-08-30
Southwest,2026-08-30 17:00:00,299.8147642468073,2026-08-28 22:19:51.319537,2026-08-30
Southwest,2026-08-30 18:00:00,258.3011440190963,2026-08-28 22:19:51.319537,2026-08-30
Southwest,2026-08-30 19:00:00,256.9314745458963,2026-08-28 22:19:51.319537,2026-08-30
Southwest,2026-08-30 20:00:00,312.9123172790353,2026-08-28 22:19:51.319537,2026-08-30
Southwest,2026-08-30 21:00:00,354.15172232038043,2026-08-28 22:19:51.319537,2026-08-30
Southwest,2026-08-30 22:00:00,350.6882436667827,2026-08-28 22:19:51.319537,2026-08-30
Southwest,2026-08-30 23:00:00,312.94019185837146,2026-08-28 22:19:51.319537,2026-08-30
Southwest,2026-08-31 00:00:00,330.0917550781285,2026-08-28 22:19:51.319537,2026-08-31
Southwest,2026-08-31 01:00:00,373.5205141338572,2026-08-28 22:19:51.319537,2026-08-31
Southwest,2026-08-31 02:00:00,394.4184387266063,2026-08-28 22:19:51.319537,2026-08-31
Southwest,2026-08-31 03:00:00,400.69289514593055,2026-08-28 22:19:51.319537,2026-08-31
Southwest,2026-08-31 04:00:00,391.9823716910367,2026-08-28 22:19:51.319537,2026-08-31
Southwest,2026-08-31 05:00:00,357.57492556779397,2026-08-28 22:19:51.319537,2026-08-31
Southwest,2026-08-31 06:00:00,345.5132227227043,2026-08-28 22:19:51.319537,2026-08-31
Southwest,2026-08-31 07:00:00,350.5715156069785,2026-08-28 22:19:51.319537,2026-08-31
Southwest,2026-08-31 08:00:00,394.4367147490384,2026-08-28 22:19:51.319537,2026-08-31
Southwest,2026-08-31 09:00:00,423.5495786307502,2026-08-28 22:19:51.319537,2026-08-31
Southwest,2026-08-31 10:00:00,451.12037742953527,2026-08-28 22:19:51.319537,2026-08-31
Southwest,2026-08-31 11:00:00,471.1935806134756,2026-08-28 22:19:51.319537,2026-08-31
Southwest,2026-08-31 12:00:00,529.7268939612627,2026-08-28 22:19:51.319537,2026-08-31
Southwest,2026-08-31 13:00:00,592.5141879344343,2026-08-28 22:19:51.319537,2026-08-31
Southwest,2026-08-31 14:00:00,691.8309212531982,2026-08-28 22:19:51.319537,2026-08-31
Southwest,2026-08-31 15:00:00,736.2337627234723,2026-08-28 22:19:51.319537,2026-08-31
Southwest,2026-08-31 16:00:00,798.9519626226606,2026-08-28 22:19:51.319537,2026-08-31
Southwest,2026-08-31 17:00:00,826.2634356296835,2026-08-28 22:19:51.319537,2026-08-31
Southwest,2026-08-31 18:00:00,846.7408358914898,2026-08-28 22:19:51.319537,2026-08-31
Southwest,2026-08-31 19:00:00,855.357736860271,2026-08-28 22:19:51.319537,2026-08-31
Southwest,2026-08-31 20:00:00,875.9561895551525,2026-08-28 22:19:51.319537,2026-08-31
Southwest,2026-08-31 21:00:00,920.618911483872,2026-08-28 22:19:51.319537,2026-08-31
Southwest,2026-08-31 22:00:00,1011.2461617592089,2026-08-28 22:19:51.319537,2026-08-31
Southwest,2026-08-31 23:00:00,1059.8467887075176,2026-08-28 22:19:51.319537,2026-08-31
Southwest,2026-09-01 00:00:00,1028.333337914868,2026-08-28 22:19:51.319537,2026-09-01
Southwest,2026-09-01 01:00:00,960.7555273681061,2026-08-28 22:19:51.319537,2026-09-01
Southwest,2026-09-01 02:00:00,952.6683332051226,2026-08-28 22:19:51.319537,2026-09-01
Southwest,2026-09-01 03:00:00,847.3093058208783,2026-08-28 22:19:51.319537,2026-09-01
Southwest,2026-09-01 04:00:00,800.6512972944305,2026-08-28 22:19:51.319537,2026-09-01
Southwest,2026-09-01 05:00:00,740.1110221077198,2026-08-28 22:19:51.319537,2026-09-01
Southwest,2026-09-01 06:00:00,715.6685054339631,2026-08-28 22:19:51.319537,2026-09-01
Southwest,2026-09-01 07:00:00,682.8845232156281,2026-08-28 22:19:51.319537,2026-09-01
Southwest,2026-09-01 08:00:00,687.5338113608811,2026-08-28 22:19:51.319537,2026-09-01
Southwest,2026-09-01 09:00:00,750.718201171305,2026-08-28 22:19:51.319537,2026-09-01
Southwest,2026-09-01 10:00:00,786.7904451231304,2026-08-28 22:19:51.319537,2026-09-01
Southwest,2026-09-01 11:00:00,828.7269201140995,2026-08-28 22:19:51.319537,2026-09-01
Southwest,2026-09-01 12:00:00,896.2551026440989,2026-08-28 22:19:51.319537,2026-09-01
Southwest,2026-09-01 13:00:00,971.188831466899,2026-08-28 22:19:51.319537,2026-09-01
Southwest,2026-09-01 14:00:00,1042.6227738416665,2026-08-28 22:19:51.319537,2026-09-01
Southwest,2026-09-01 15:00:00,1154.699617761689,2026-08-28 22:19:51.319537,2026-09-01
Southwest,2026-09-01 16:00:00,1302.3103498500668,2026-08-28 22:19:51.319537,2026-09-01
Southwest,2026-09-01 17:00:00,1391.6780155303952,2026-08-28 22:19:51.319537,2026-09-01
Southwest,2026-09-01 18:00:00,1425.81812824073,2026-08-28 22:19:51.319537,2026-09-01
Southwest,2026-09-01 19:00:00,1444.890614070842,2026-08-28 22:19:51.319537,2026-09-01
Southwest,2026-09-01 20:00:00,1350.5122149113226,2026-08-28 22:19:51.319537,2026-09-01
Southwest,2026-09-01 21:00:00,1206.084943131572,2026-08-28 22:19:51.319537,2026-09-01
Southwest,2026-09-01 22:00:00,1114.8474778147124,2026-08-28 22:19:51.319537,2026-09-01
Southwest,2026-09-01 23:00:00,1074.260309625654,2026-08-28 22:19:51.319537,2026-09-01
Southwest,2026-09-02 00:00:00,996.2929814936565,2026-08-28 22:19:51.319537,2026-09-02
Southwest,2026-09-02 01:00:00,964.6336094890711,2026-08-28 22:19:51.319537,2026-09-02
Southwest,2026-09-02 02:00:00,914.2506014253775,2026-08-28 22:19:51.319537,2026-09-02
Southwest,2026-09-02 03:00:00,868.4097987214008,2026-08-28 22:19:51.319537,2026-09-02
Southwest,2026-09-02 04:00:00,814.0774860972363,2026-08-28 22:19:51.319537,2026-09-02
Southwest,2026-09-02 05:00:00,759.3912951214918,2026-08-28 22:19:51.319537,2026-09-02
Southwest,2026-09-02 06:00:00,744.1329739038243,2026-08-28 22:19:51.319537,2026-09-02
Southwest,2026-09-02 07:00:00,726.4905400469535,2026-08-28 22:19:51.319537,2026-09-02
Southwest,2026-09-02 08:00:00,741.7840129495163,2026-08-28 22:19:51.319537,2026-09-02
Southwest,2026-09-02 09:00:00,863.4530010490607,2026-08-28 22:19:51.319537,2026-09-02
Southwest,2026-09-02 10:00:00,960.349852810895,2026-08-28 22:19:51.319537,2026-09-02
Southwest,2026-09-02 11:00:00,1104.3469747528607,2026-08-28 22:19:51.319537,2026-09-02
Southwest,2026-09-02 12:00:00,1228.523650647403,2026-08-28 22:19:51.319537,2026-09-02
Southwest,2026-09-02 13:00:00,1451.070652243044,2026-08-28 22:19:51.319537,2026-09-02
Southwest,2026-09-02 14:00:00,1586.64803899912,2026-08-28 22:19:51.319537,2026-09-02
Southwest,2026-09-02 15:00:00,1630.6643127991895,2026-08-28 22:19:51.319537,2026-09-02
Southwest,2026-09-02 16:00:00,1793.3517607933918,2026-08-28 22:19:51.319537,2026-09-02
Southwest,2026-09-02 17:00:00,1829.8279935130242,2026-08-28 22:19:51.319537,2026-09-02
Southwest,2026-09-02 18:00:00,1883.5430811134688,2026-08-28 22:19:51.319537,2026-09-02
Southwest,2026-09-02 19:00:00,1895.2175165501883,2026-08-28 22:19:51.319537,2026-09-02
Southwest,2026-09-02 20:00:00,1884.4922099773978,2026-08-28 22:19:51.319537,2026-09-02
Southwest,2026-09-02 21:00:00,1839.3572088616604,2026-08-28 22:19:51.319537,2026-09-02
Southwest,2026-09-02 22:00:00,1804.3614877289576,2026-08-28 22:19:51.319537,2026-09-02
Southwest,2026-09-02 23:00:00,1782.7491516992097,2026-08-28 22:19:51.319537,2026-09-02
Southwest,2026-09-03 00:00:00,1698.6674650418026,2026-08-28 22:19:51.319537,2026-09-03
Southwest,2026-09-03 01:00:00,1585.8224571776802,2026-08-28 22:19:51.319537,2026-09-03
Southwest,2026-09-03 02:00:00,1414.2388988756227,2026-08-28 22:19:51.319537,2026-09-03
Southwest,2026-09-03 03:00:00,1324.3558179338709,2026-08-28 22:19:51.319537,2026-09-03
Southwest,2026-09-03 04:00:00,1234.715775915126,2026-08-28 22:19:51.319537,2026-09-03
Southwest,2026-09-03 05:00:00,1178.0213062131666,2026-08-28 22:19:51.319537,2026-09-03
Southwest,2026-09-03 06:00:00,1142.3464320992396,2026-08-28 22:19:51.319537,2026-09-03
Southwest,2026-09-03 07:00:00,1102.3421245351124,2026-08-28 22:19:51.319537,2026-09-03
Southwest,2026-09-03 08:00:00,1051.5175942456224,2026-08-28 22:19:51.319537,2026-09-03
Southwest,2026-09-03 09:00:00,1018.4363245087018,2026-08-28 22:19:51.319537,2026-09-03
Southwest,2026-09-03 10:00:00,1071.2923279549582,2026-08-28 22:19:51.319537,2026-09-03
Southwest,2026-09-03 11:00:00,1186.639552495911,2026-08-28 22:19:51.319537,2026-09-03
Southwest,2026-09-03 12:00:00,1331.8072875577593,2026-08-28 22:19:51.319537,2026-09-03
Southwest,2026-09-03 13:00:00,1472.9280462408792,2026-08-28 22:19:51.319537,2026-09-03
Southwest,2026-09-03 14:00:00,1531.9752060171766,2026-08-28 22:19:51.319537,2026-09-03
Southwest,2026-09-03 15:00:00,1542.048239355661,2026-08-28 22:19:51.319537,2026-09-03
Southwest,2026-09-03 16:00:00,1598.2976933312204,2026-08-28 22:19:51.319537,2026-09-03
Southwest,2026-09-03 17:00:00,1606.129560117096,2026-08-28 22:19:51.319537,2026-09-03
Southwest,2026-09-03 18:00:00,1576.0678679314356,2026-08-28 22:19:51.319537,2026-09-03
Southwest,2026-09-03 19:00:00,1447.7972341164093,2026-08-28 22:19:51.319537,2026-09-03
Southwest,2026-09-03 20:00:00,1244.3501158114982,2026-08-28 22:19:51.319537,2026-09-03
Southwest,2026-09-03 21:00:00,1148.0114221517088,2026-08-28 22:19:51.319537,2026-09-03
Southwest,2026-09-03 22:00:00,1118.886688129854,2026-08-28 22:19:51.319537,2026-09-03
Southwest,2026-09-03 23:00:00,1089.143076646976,2026-08-28 22:19:51.319537,2026-09-03
Southwest,2026-09-04 00:00:00,988.847950854451,2026-08-28 22:19:51.319537,2026-09-04
Southwest,2026-09-04 01:00:00,1006.6939913093058,2026-08-28 22:19:51.319537,2026-09-04
Southwest,2026-09-04 02:00:00,983.4954964993776,2026-08-28 22:19:51.319537,2026-09-04
Southwest,2026-09-04 03:00:00,924.1922743332946,2026-08-28 22:19:51.319537,2026-09-04
Southwest,2026-09-04 04:00:00,898.934829438304,2026-08-28 22:19:51.319537,2026-09-04
Southwest,2026-09-04 05:00:00,870.3078617469971,2026-08-28 22:19:51.319537,2026-09-04
Southwest,2026-09-04 06:00:00,868.4292564219,2026-08-28 22:19:51.319537,2026-09-04
Southwest,2026-09-04 07:00:00,859.2089159360993,2026-08-28 22:19:51.319537,2026-09-04
Southwest,2026-09-04 08:00:00,858.736212736509,2026-08-28 22:19:51.319537,2026-09-04
Southwest,2026-09-04 09:00:00,886.6677492465888,2026-08-28 22:19:51.319537,2026-09-04
Southwest,2026-09-04 10:00:00,971.652781310638,2026-08-28 22:19:51.319537,2026-09-04
Southwest,2026-09-04 11:00:00,1031.2436098423598,2026-08-28 22:19:51.319537,2026-09-04
Southwest,2026-09-04 12:00:00,1162.991012342407,2026-08-28 22:19:51.319537,2026-09-04
Southwest,2026-09-04 13:00:00,1306.3246948327642,2026-08-28 22:19:51.319537,2026-09-04
Southwest,2026-09-04 14:00:00,1416.1519431810182,2026-08-28 22:19:51.319537,2026-09-04
Southwest,2026-09-04 15:00:00,1456.8917679198087,2026-08-28 22:19:51.319537,2026-09-04
Southwest,2026-09-04 16:00:00,1519.327982027349,2026-08-28 22:19:51.319537,2026-09-04
Southwest,2026-09-04 17:00:00,1474.0717176623334,2026-08-28 22:19:51.319537,2026-09-04
Southwest,2026-09-04 18:00:00,1426.4956648630953,2026-08-28 22:19:51.319537,2026-09-04
Toronto,2026-08-28 19:00:00,438.1858634674864,2026-08-28 22:19:51.319537,2026-08-28
Toronto,2026-08-28 20:00:00,445.0317968355298,2026-08-28 22:19:51.319537,2026-08-28
Toronto,2026-08-28 21:00:00,484.8744904406906,2026-08-28 22:19:51.319537,2026-08-28
Toronto,2026-08-28 22:00:00,476.2493202067513,2026-08-28 22:19:51.319537,2026-08-28
Toronto,2026-08-28 23:00:00,410.06024745827125,2026-08-28 22:19:51.319537,2026-08-28
Toronto,2026-08-29 00:00:00,383.3949512641026,2026-08-28 22:19:51.319537,2026-08-29
Toronto,2026-08-29 01:00:00,344.82361744227234,2026-08-28 22:19:51.319537,2026-08-29
Toronto,2026-08-29 02:00:00,324.92725202866546,2026-08-28 22:19:51.319537,2026-08-29
Toronto,2026-08-29 03:00:00,303.18854047770833,2026-08-28 22:19:51.319537,2026-08-29
Toronto,2026-08-29 04:00:00,296.4551047928086,2026-08-28 22:19:51.319537,2026-08-29
Toronto,2026-08-29 05:00:00,287.6031881916993,2026-08-28 22:19:51.319537,2026-08-29
Toronto,2026-08-29 06:00:00,293.1432518668764,2026-08-28 22:19:51.319537,2026-08-29
Toronto,2026-08-29 07:00:00,338.95578527212206,2026-08-28 22:19:51.319537,2026-08-29
Toronto,2026-08-29 08:00:00,353.8018891222988,2026-08-28 22:19:51.319537,2026-08-29
Toronto,2026-08-29 09:00:00,390.48558128173715,2026-08-28 22:19:51.319537,2026-08-29
Toronto,2026-08-29 10:00:00,403.33646520901186,2026-08-28 22:19:51.319537,2026-08-29
Toronto,2026-08-29 11:00:00,443.5792617454814,2026-08-28 22:19:51.319537,2026-08-29
Toronto,2026-08-29 12:00:00,478.6002742872144,2026-08-28 22:19:51.319537,2026-08-29
Toronto,2026-08-29 13:00:00,507.4855299966516,2026-08-28 22:19:51.319537,2026-08-29
Toronto,2026-08-29 14:00:00,528.1163631236259,2026-08-28 22:19:51.319537,2026-08-29
Toronto,2026-08-29 15:00:00,546.1064462746597,2026-08-28 22:19:51.319537,2026-08-29
Toronto,2026-08-29 16:00:00,556.2501458752895,2026-08-28 22:19:51.319537,2026-08-29
Toronto,2026-08-29 17:00:00,556.149148274957,2026-08-28 22:19:51.319537,2026-08-29
Toronto,2026-08-29 18:00:00,540.2396701735454,2026-08-28 22:19:51.319537,2026-08-29
Toronto,2026-08-29 19:00:00,507.6175877154307,2026-08-28 22:19:51.319537,2026-08-29
Toronto,2026-08-29 20:00:00,486.44585599881196,2026-08-28 22:19:51.319537,2026-08-29
Toronto,2026-08-29 21:00:00,458.31302617018724,2026-08-28 22:19:51.319537,2026-08-29
Toronto,2026-08-29 22:00:00,431.2465147125838,2026-08-28 22:19:51.319537,2026-08-29
Toronto,2026-08-29 23:00:00,404.0302404900001,2026-08-28 22:19:51.319537,2026-08-29
Toronto,2026-08-30 00:00:00,386.08507086128947,2026-08-28 22:19:51.319537,2026-08-30
Toronto,2026-08-30 01:00:00,323.0894267499648,2026-08-28 22:19:51.319537,2026-08-30
Toronto,2026-08-30 02:00:00,293.205688769934,2026-08-28 22:19:51.319537,2026-08-30
Toronto,2026-08-30 03:00:00,271.7551092306699,2026-08-28 22:19:51.319537,2026-08-30
Toronto,2026-08-30 04:00:00,272.2903974598361,2026-08-28 22:19:51.319537,2026-08-30
Toronto,2026-08-30 05:00:00,325.98248805345844,2026-08-28 22:19:51.319537,2026-08-30
Toronto,2026-08-30 06:00:00,332.4399500363881,2026-08-28 22:19:51.319537,2026-08-30
Toronto,2026-08-30 07:00:00,340.65572379279575,2026-08-28 22:19:51.319537,2026-08-30
Toronto,2026-08-30 08:00:00,358.06483495898925,2026-08-28 22:19:51.319537,2026-08-30
Toronto,2026-08-30 09:00:00,364.75171737085753,2026-08-28 22:19:51.319537,2026-08-30
Toronto,2026-08-30 10:00:00,403.0910888116755,2026-08-28 22:19:51.319537,2026-08-30
Toronto,2026-08-30 11:00:00,407.1769728487929,2026-08-28 22:19:51.319537,2026-08-30
Toronto,2026-08-30 12:00:00,452.22172413118835,2026-08-28 22:19:51.319537,2026-08-30
Toronto,2026-08-30 13:00:00,475.1678144647048,2026-08-28 22:19:51.319537,2026-08-30
Toronto,2026-08-30 14:00:00,533.0779437867197,2026-08-28 22:19:51.319537,2026-08-30
Toronto,2026-08-30 15:00:00,514.9355701203426,2026-08-28 22:19:51.319537,2026-08-30
Toronto,2026-08-30 16:00:00,502.0619421330179,2026-08-28 22:19:51.319537,2026-08-30
Toronto,2026-08-30 17:00:00,499.3028103938004,2026-08-28 22:19:51.319537,2026-08-30
Toronto,2026-08-30 18:00:00,484.1997165015774,2026-08-28 22:19:51.319537,2026-08-30
Toronto,2026-08-30 19:00:00,479.29846042288403,2026-08-28 22:19:51.319537,2026-08-30
Toronto,2026-08-30 20:00:00,500.21653720840817,2026-08-28 22:19:51.319537,2026-08-30
Toronto,2026-08-30 21:00:00,539.4730738124576,2026-08-28 22:19:51.319537,2026-08-30
Toronto,2026-08-30 22:00:00,522.72699917337,2026-08-28 22:19:51.319537,2026-08-30
Toronto,2026-08-30 23:00:00,494.7023274381155,2026-08-28 22:19:51.319537,2026-08-30
Toronto,2026-08-31 00:00:00,508.3046129521083,2026-08-28 22:19:51.319537,2026-08-31
Toronto,2026-08-31 01:00:00,539.3960763940725,2026-08-28 22:19:51.319537,2026-08-31
Toronto,2026-08-31 02:00:00,550.0228471637384,2026-08-28 22:19:51.319537,2026-08-31
Toronto,2026-08-31 03:00:00,563.5084780039516,2026-08-28 22:19:51.319537,2026-08-31
Toronto,2026-08-31 04:00:00,568.3765259859347,2026-08-28 22:19:51.319537,2026-08-31
Toronto,2026-08-31 05:00:00,573.795491670662,2026-08-28 22:19:51.319537,2026-08-31
Toronto,2026-08-31 06:00:00,576.0714528574896,2026-08-28 22:19:51.319537,2026-08-31
Toronto,2026-08-31 07:00:00,579.9476612697605,2026-08-28 22:19:51.319537,2026-08-31
Toronto,2026-08-31 08:00:00,583.7649184224149,2026-08-28 22:19:51.319537,2026-08-31
Toronto,2026-08-31 09:00:00,599.7783570166665,2026-08-28 22:19:51.319537,2026-08-31
Toronto,2026-08-31 10:00:00,618.0534020056613,2026-08-28 22:19:51.319537,2026-08-31
Toronto,2026-08-31 11:00:00,631.3513719491201,2026-08-28 22:19:51.319537,2026-08-31
Toronto,2026-08-31 12:00:00,640.499534683633,2026-08-28 22:19:51.319537,2026-08-31
Toronto,2026-08-31 13:00:00,644.6579894025201,2026-08-28 22:19:51.319537,2026-08-31
Toronto,2026-08-31 14:00:00,660.7330387439184,2026-08-28 22:19:51.319537,2026-08-31
Toronto,2026-08-31 15:00:00,693.5177462805252,2026-08-28 22:19:51.319537,2026-08-31
Toronto,2026-08-31 16:00:00,723.4707570860338,2026-08-28 22:19:51.319537,2026-08-31
Toronto,2026-08-31 17:00:00,726.9130906816889,2026-08-28 22:19:51.319537,2026-08-31
Toronto,2026-08-31 18:00:00,715.6348262482452,2026-08-28 22:19:51.319537,2026-08-31
Toronto,2026-08-31 19:00:00,637.034647215434,2026-08-28 22:19:51.319537,2026-08-31
Toronto,2026-08-31 20:00:00,636.1757575237866,2026-08-28 22:19:51.319537,2026-08-31
Toronto,2026-08-31 21:00:00,603.7698058897761,2026-08-28 22:19:51.319537,2026-08-31
Toronto,2026-08-31 22:00:00,586.5747013170322,2026-08-28 22:19:51.319537,2026-08-31
Toronto,2026-08-31 23:00:00,546.890076859585,2026-08-28 22:19:51.319537,2026-08-31
Toronto,2026-09-01 00:00:00,515.8359774573307,2026-08-28 22:19:51.319537,2026-09-01
Toronto,2026-09-01 01:00:00,495.2662935575864,2026-08-28 22:19:51.319537,2026-09-01
Toronto,2026-09-01 02:00:00,467.4315675609016,2026-08-28 22:19:51.319537,2026-09-01
Toronto,2026-09-01 03:00:00,458.18744643577554,2026-08-28 22:19:51.319537,2026-09-01
Toronto,2026-09-01 04:00:00,438.65749345726346,2026-08-28 22:19:51.319537,2026-09-01
Toronto,2026-09-01 05:00:00,439.67998046023035,2026-08-28 22:19:51.319537,2026-09-01
Toronto,2026-09-01 06:00:00,476.47739616509836,2026-08-28 22:19:51.319537,2026-09-01
Toronto,2026-09-01 07:00:00,488.27444817823533,2026-08-28 22:19:51.319537,2026-09-01
Toronto,2026-09-01 08:00:00,525.5270611754203,2026-08-28 22:19:51.319537,2026-09-01
Toronto,2026-09-01 09:00:00,554.5947571759418,2026-08-28 22:19:51.319537,2026-09-01
Toronto,2026-09-01 10:00:00,581.0489011564077,2026-08-28 22:19:51.319537,2026-09-01
Toronto,2026-09-01 11:00:00,604.10665016955,2026-08-28 22:19:51.319537,2026-09-01
Toronto,2026-09-01 12:00:00,617.2994433965648,2026-08-28 22:19:51.319537,2026-09-01
Toronto,2026-09-01 13:00:00,639.3918190552685,2026-08-28 22:19:51.319537,2026-09-01
Toronto,2026-09-01 14:00:00,673.1007763919429,2026-08-28 22:19:51.319537,2026-09-01
Toronto,2026-09-01 15:00:00,724.2581232255662,2026-08-28 22:19:51.319537,2026-09-01
Toronto,2026-09-01 16:00:00,748.1511144899708,2026-08-28 22:19:51.319537,2026-09-01
Toronto,2026-09-01 17:00:00,754.5486860551488,2026-08-28 22:19:51.319537,2026-09-01
Toronto,2026-09-01 18:00:00,711.310381898378,2026-08-28 22:19:51.319537,2026-09-01
Toronto,2026-09-01 19:00:00,660.0616145739988,2026-08-28 22:19:51.319537,2026-09-01
Toronto,2026-09-01 20:00:00,620.8784118660956,2026-08-28 22:19:51.319537,2026-09-01
Toronto,2026-09-01 21:00:00,601.5648701758674,2026-08-28 22:19:51.319537,2026-09-01
Toronto,2026-09-01 22:00:00,576.1475913010574,2026-08-28 22:19:51.319537,2026-09-01
Toronto,2026-09-01 23:00:00,555.8422543798434,2026-08-28 22:19:51.319537,2026-09-01
Toronto,2026-09-02 00:00:00,514.6893934659295,2026-08-28 22:19:51.319537,2026-09-02
Toronto,2026-09-02 01:00:00,494.6628325424282,2026-08-28 22:19:51.319537,2026-09-02
Toronto,2026-09-02 02:00:00,457.1479563832844,2026-08-28 22:19:51.319537,2026-09-02
Toronto,2026-09-02 03:00:00,457.2383126916777,2026-08-28 22:19:51.319537,2026-09-02
Toronto,2026-09-02 04:00:00,483.242010188662,2026-08-28 22:19:51.319537,2026-09-02
Toronto,2026-09-02 05:00:00,499.8460510494135,2026-08-28 22:19:51.319537,2026-09-02
Toronto,2026-09-02 06:00:00,525.8537812427884,2026-08-28 22:19:51.319537,2026-09-02
Toronto,2026-09-02 07:00:00,567.1121559165207,2026-08-28 22:19:51.319537,2026-09-02
Toronto,2026-09-02 08:00:00,594.3362413075671,2026-08-28 22:19:51.319537,2026-09-02
Toronto,2026-09-02 09:00:00,629.6765398581866,2026-08-28 22:19:51.319537,2026-09-02
Toronto,2026-09-02 10:00:00,658.7683421467958,2026-08-28 22:19:51.319537,2026-09-02
Toronto,2026-09-02 11:00:00,697.5506234126632,2026-08-28 22:19:51.319537,2026-09-02
Toronto,2026-09-02 12:00:00,760.7208311823165,2026-08-28 22:19:51.319537,2026-09-02
Toronto,2026-09-02 13:00:00,805.7872642046631,2026-08-28 22:19:51.319537,2026-09-02
Toronto,2026-09-02 14:00:00,875.5127695892797,2026-08-28 22:19:51.319537,2026-09-02
Toronto,2026-09-02 15:00:00,963.5424440718518,2026-08-28 22:19:51.319537,2026-09-02
Toronto,2026-09-02 16:00:00,1054.7478616348822,2026-08-28 22:19:51.319537,2026-09-02
Toronto,2026-09-02 17:00:00,1161.5259167247564,2026-08-28 22:19:51.319537,2026-09-02
Toronto,2026-09-02 18:00:00,1285.403168278314,2026-08-28 22:19:51.319537,2026-09-02
Toronto,2026-09-02 19:00:00,1356.4865361328493,2026-08-28 22:19:51.319537,2026-09-02
Toronto,2026-09-02 20:00:00,1306.0311108266744,2026-08-28 22:19:51.319537,2026-09-02
Toronto,2026-09-02 21:00:00,1207.101687135423,2026-08-28 22:19:51.319537,2026-09-02
Toronto,2026-09-02 22:00:00,1173.7434549829845,2026-08-28 22:19:51.319537,2026-09-02
Toronto,2026-09-02 23:00:00,1159.4064753471337,2026-08-28 22:19:51.319537,2026-09-02
Toronto,2026-09-03 00:00:00,1107.1430032035591,2026-08-28 22:19:51.319537,2026-09-03
Toronto,2026-09-03 01:00:00,1062.2685196919501,2026-08-28 22:19:51.319537,2026-09-03
Toronto,2026-09-03 02:00:00,1020.9031544386927,2026-08-28 22:19:51.319537,2026-09-03
Toronto,2026-09-03 03:00:00,995.2708497061676,2026-08-28 22:19:51.319537,2026-09-03
Toronto,2026-09-03 04:00:00,947.0283682381709,2026-08-28 22:19:51.319537,2026-09-03
Toronto,2026-09-03 05:00:00,852.9076496678383,2026-08-28 22:19:51.319537,2026-09-03
Toronto,2026-09-03 06:00:00,797.9396111258635,2026-08-28 22:19:51.319537,2026-09-03
Toronto,2026-09-03 07:00:00,745.8279507218635,2026-08-28 22:19:51.319537,2026-09-03
Toronto,2026-09-03 08:00:00,720.5627536072466,2026-08-28 22:19:51.319537,2026-09-03
Toronto,2026-09-03 09:00:00,690.3993850357421,2026-08-28 22:19:51.319537,2026-09-03
Toronto,2026-09-03 10:00:00,698.8311388640464,2026-08-28 22:19:51.319537,2026-09-03
Toronto,2026-09-03 11:00:00,788.7546373503567,2026-08-28 22:19:51.319537,2026-09-03
Toronto,2026-09-03 12:00:00,838.3422129010129,2026-08-28 22:19:51.319537,2026-09-03
Toronto,2026-09-03 13:00:00,899.2289379698491,2026-08-28 22:19:51.319537,2026-09-03
Toronto,2026-09-03 14:00:00,939.7759760579927,2026-08-28 22:19:51.319537,2026-09-03
Toronto,2026-09-03 15:00:00,999.3497574790555,2026-08-28 22:19:51.319537,2026-09-03
Toronto,2026-09-03 16:00:00,1069.7519299854146,2026-08-28 22:19:51.319537,2026-09-03
Toronto,2026-09-03 17:00:00,1162.3823844774454,2026-08-28 22:19:51.319537,2026-09-03
Toronto,2026-09-03 18:00:00,1220.7268822498283,2026-08-28 22:19:51.319537,2026-09-03
Toronto,2026-09-03 19:00:00,1196.362544378174,2026-08-28 22:19:51.319537,2026-09-03
Toronto,2026-09-03 20:00:00,1070.8380961747384,2026-08-28 22:19:51.319537,2026-09-03
Toronto,2026-09-03 21:00:00,982.7569270994871,2026-08-28 22:19:51.319537,2026-09-03
Toronto,2026-09-03 22:00:00,953.7375213142685,2026-08-28 22:19:51.319537,2026-09-03
Toronto,2026-09-03 23:00:00,895.3745182652008,2026-08-28 22:19:51.319537,2026-09-03
Toronto,2026-09-04 00:00:00,851.169820996838,2026-08-28 22:19:51.319537,2026-09-04
Toronto,2026-09-04 01:00:00,857.1302992718514,2026-08-28 22:19:51.319537,2026-09-04
Toronto,2026-09-04 02:00:00,897.0659197953674,2026-08-28 22:19:51.319537,2026-09-04
Toronto,2026-09-04 03:00:00,891.5924365598808,2026-08-28 22:19:51.319537,2026-09-04
Toronto,2026-09-04 04:00:00,832.0445552167307,2026-08-28 22:19:51.319537,2026-09-04
Toronto,2026-09-04 05:00:00,797.3434538032653,2026-08-28 22:19:51.319537,2026-09-04
Toronto,2026-09-04 06:00:00,757.2101593451192,2026-08-28 22:19:51.319537,2026-09-04
Toronto,2026-09-04 07:00:00,721.8005375643116,2026-08-28 22:19:51.319537,2026-09-04
Toronto,2026-09-04 08:00:00,707.6584687390192,2026-08-28 22:19:51.319537,2026-09-04
Toronto,2026-09-04 09:00:00,697.7284534013446,2026-08-28 22:19:51.319537,2026-09-04
Toronto,2026-09-04 10:00:00,713.6444893384559,2026-08-28 22:19:51.319537,2026-09-04
Toronto,2026-09-04 11:00:00,784.7178969145887,2026-08-28 22:19:51.319537,2026-09-04
Toronto,2026-09-04 12:00:00,832.8060508204813,2026-08-28 22:19:51.319537,2026-09-04
Toronto,2026-09-04 13:00:00,902.6459451510506,2026-08-28 22:19:51.319537,2026-09-04
Toronto,2026-09-04 14:00:00,945.573942721626,2026-08-28 22:19:51.319537,2026-09-04
Toronto,2026-09-04 15:00:00,988.4853823483588,2026-08-28 22:19:51.319537,2026-09-04
Toronto,2026-09-04 16:00:00,1049.8582470284107,2026-08-28 22:19:51.319537,2026-09-04
Toronto,2026-09-04 17:00:00,1109.1272811571214,2026-08-28 22:19:51.319537,2026-09-04
Toronto,2026-09-04 18:00:00,1132.8290938679334,2026-08-28 22:19:51.319537,2026-09-04
West,2026-08-28 19:00:00,190.1810187180104,2026-08-28 22:19:51.319537,2026-08-28
West,2026-08-28 20:00:00,220.40950176348207,2026-08-28 22:19:51.319537,2026-08-28
West,2026-08-28 21:00:00,277.1890491934994,2026-08-28 22:19:51.319537,2026-08-28
West,2026-08-28 22:00:00,271.6574084489903,2026-08-28 22:19:51.319537,2026-08-28
West,2026-08-28 23:00:00,218.3725847453163,2026-08-28 22:19:51.319537,2026-08-28
West,2026-08-29 00:00:00,223.63024136479171,2026-08-28 22:19:51.319537,2026-08-29
West,2026-08-29 01:00:00,273.64198369564946,2026-08-28 22:19:51.319537,2026-08-29
West,2026-08-29 02:00:00,272.7482255001228,2026-08-28 22:19:51.319537,2026-08-29
West,2026-08-29 03:00:00,217.72600488728523,2026-08-28 22:19:51.319537,2026-08-29
West,2026-08-29 04:00:00,227.03419886662948,2026-08-28 22:19:51.319537,2026-08-29
West,2026-08-29 05:00:00,271.17293579883693,2026-08-28 22:19:51.319537,2026-08-29
West,2026-08-29 06:00:00,274.1618721913103,2026-08-28 22:19:51.319537,2026-08-29
West,2026-08-29 07:00:00,267.3440987975947,2026-08-28 22:19:51.319537,2026-08-29
West,2026-08-29 08:00:00,211.82381289177815,2026-08-28 22:19:51.319537,2026-08-29
West,2026-08-29 09:00:00,228.46839609892433,2026-08-28 22:19:51.319537,2026-08-29
West,2026-08-29 10:00:00,289.45892367222604,2026-08-28 22:19:51.319537,2026-08-29
West,2026-08-29 11:00:00,288.6440768305033,2026-08-28 22:19:51.319537,2026-08-29
West,2026-08-29 12:00:00,235.48923066469877,2026-08-28 22:19:51.319537,2026-08-29
West,2026-08-29 13:00:00,235.1871609366865,2026-08-28 22:19:51.319537,2026-08-29
West,2026-08-29 14:00:00,243.20870281560838,2026-08-28 22:19:51.319537,2026-08-29
West,2026-08-29 15:00:00,282.3310504848545,2026-08-28 22:19:51.319537,2026-08-29
West,2026-08-29 16:00:00,283.4208662291097,2026-08-28 22:19:51.319537,2026-08-29
West,2026-08-29 17:00:00,283.40928228058556,2026-08-28 22:19:51.319537,2026-08-29
West,2026-08-29 18:00:00,262.83639354248,2026-08-28 22:19:51.319537,2026-08-29
West,2026-08-29 19:00:00,238.20036033163402,2026-08-28 22:19:51.319537,2026-08-29
West,2026-08-29 20:00:00,241.9234232303717,2026-08-28 22:19:51.319537,2026-08-29
West,2026-08-29 21:00:00,291.9021331473275,2026-08-28 22:19:51.319537,2026-08-29
West,2026-08-29 22:00:00,286.9923794481912,2026-08-28 22:19:51.319537,2026-08-29
West,2026-08-29 23:00:00,220.63534870614214,2026-08-28 22:19:51.319537,2026-08-29
West,2026-08-30 00:00:00,237.94584869550482,2026-08-28 22:19:51.319537,2026-08-30
West,2026-08-30 01:00:00,285.763741907141,2026-08-28 22:19:51.319537,2026-08-30
West,2026-08-30 02:00:00,279.6714430967986,2026-08-28 22:19:51.319537,2026-08-30
West,2026-08-30 03:00:00,239.93454547278586,2026-08-28 22:19:51.319537,2026-08-30
West,2026-08-30 04:00:00,245.25832766389513,2026-08-28 22:19:51.319537,2026-08-30
West,2026-08-30 05:00:00,296.159497618857,2026-08-28 22:19:51.319537,2026-08-30
West,2026-08-30 06:00:00,295.2048348113782,2026-08-28 22:19:51.319537,2026-08-30
West,2026-08-30 07:00:00,249.81817948863562,2026-08-28 22:19:51.319537,2026-08-30
West,2026-08-30 08:00:00,253.1265635290432,2026-08-28 22:19:51.319537,2026-08-30
West,2026-08-30 09:00:00,315.7430931251761,2026-08-28 22:19:51.319537,2026-08-30
West,2026-08-30 10:00:00,314.8683834815985,2026-08-28 22:19:51.319537,2026-08-30
West,2026-08-30 11:00:00,257.1272597446827,2026-08-28 22:19:51.319537,2026-08-30
West,2026-08-30 12:00:00,262.0649807430076,2026-08-28 22:19:51.319537,2026-08-30
West,2026-08-30 13:00:00,314.393447111095,2026-08-28 22:19:51.319537,2026-08-30
West,2026-08-30 14:00:00,310.0365450161191,2026-08-28 22:19:51.319537,2026-08-30
West,2026-08-30 15:00:00,248.32865827907003,2026-08-28 22:19:51.319537,2026-08-30
West,2026-08-30 16:00:00,250.80042693452535,2026-08-28 22:19:51.319537,2026-08-30
West,2026-08-30 17:00:00,308.6067271817642,2026-08-28 22:19:51.319537,2026-08-30
West,2026-08-30 18:00:00,309.9251483743607,2026-08-28 22:19:51.319537,2026-08-30
West,2026-08-30 19:00:00,308.65088734401223,2026-08-28 22:19:51.319537,2026-08-30
West,2026-08-30 20:00:00,264.14267492803737,2026-08-28 22:19:51.319537,2026-08-30
West,2026-08-30 21:00:00,266.6956731595697,2026-08-28 22:19:51.319537,2026-08-30
West,2026-08-30 22:00:00,365.9080181674215,2026-08-28 22:19:51.319537,2026-08-30
West,2026-08-30 23:00:00,367.0085883340525,2026-08-28 22:19:51.319537,2026-08-30
West,2026-08-31 00:00:00,333.5432022361691,2026-08-28 22:19:51.319537,2026-08-31
West,2026-08-31 01:00:00,267.23281430308987,2026-08-28 22:19:51.319537,2026-08-31
West,2026-08-31 02:00:00,322.5788178444064,2026-08-28 22:19:51.319537,2026-08-31
West,2026-08-31 03:00:00,375.31672559735796,2026-08-28 22:19:51.319537,2026-08-31
West,2026-08-31 04:00:00,336.2659489477346,2026-08-28 22:19:51.319537,2026-08-31
West,2026-08-31 05:00:00,281.6752999034243,2026-08-28 22:19:51.319537,2026-08-31
West,2026-08-31 06:00:00,324.5945128645619,2026-08-28 22:19:51.319537,2026-08-31
West,2026-08-31 07:00:00,382.60126623894354,2026-08-28 22:19:51.319537,2026-08-31
West,2026-08-31 08:00:00,398.5015105702312,2026-08-28 22:19:51.319537,2026-08-31
West,2026-08-31 09:00:00,345.5609822253547,2026-08-28 22:19:51.319537,2026-08-31
West,2026-08-31 10:00:00,277.69806486971225,2026-08-28 22:19:51.319537,2026-08-31
West,2026-08-31 11:00:00,318.045541593907,2026-08-28 22:19:51.319537,2026-08-31
West,2026-08-31 12:00:00,385.2390939475511,2026-08-28 22:19:51.319537,2026-08-31
West,2026-08-31 13:00:00,408.34073594530605,2026-08-28 22:19:51.319537,2026-08-31
West,2026-08-31 14:00:00,412.7129705736568,2026-08-28 22:19:51.319537,2026-08-31
West,2026-08-31 15:00:00,422.9499726204376,2026-08-28 22:19:51.319537,2026-08-31
West,2026-08-31 16:00:00,438.92487601821153,2026-08-28 22:19:51.319537,2026-08-31
West,2026-08-31 17:00:00,438.71976465307336,2026-08-28 22:19:51.319537,2026-08-31
West,2026-08-31 18:00:00,427.0498098398089,2026-08-28 22:19:51.319537,2026-08-31
West,2026-08-31 19:00:00,401.96887998084225,2026-08-28 22:19:51.319537,2026-08-31
West,2026-08-31 20:00:00,366.3692596480913,2026-08-28 22:19:51.319537,2026-08-31
West,2026-08-31 21:00:00,368.3610421261699,2026-08-28 22:19:51.319537,2026-08-31
West,2026-08-31 22:00:00,408.5125527497544,2026-08-28 22:19:51.319537,2026-08-31
West,2026-08-31 23:00:00,413.7492282611692,2026-08-28 22:19:51.319537,2026-08-31
West,2026-09-01 00:00:00,348.3806434556115,2026-08-28 22:19:51.319537,2026-09-01
West,2026-09-01 01:00:00,340.3438872605113,2026-08-28 22:19:51.319537,2026-09-01
West,2026-09-01 02:00:00,327.0485643214572,2026-08-28 22:19:51.319537,2026-09-01
West,2026-09-01 03:00:00,313.3491136537828,2026-08-28 22:19:51.319537,2026-09-01
West,2026-09-01 04:00:00,331.21612718366873,2026-08-28 22:19:51.319537,2026-09-01
West,2026-09-01 05:00:00,369.3961572908439,2026-08-28 22:19:51.319537,2026-09-01
West,2026-09-01 06:00:00,378.98420073381214,2026-08-28 22:19:51.319537,2026-09-01
West,2026-09-01 07:00:00,370.97001183011673,2026-08-28 22:19:51.319537,2026-09-01
West,2026-09-01 08:00:00,329.3074458885363,2026-08-28 22:19:51.319537,2026-09-01
West,2026-09-01 09:00:00,335.82570324643245,2026-08-28 22:19:51.319537,2026-09-01
West,2026-09-01 10:00:00,365.2453685236708,2026-08-28 22:19:51.319537,2026-09-01
West,2026-09-01 11:00:00,378.64164406166907,2026-08-28 22:19:51.319537,2026-09-01
West,2026-09-01 12:00:00,377.04546717153175,2026-08-28 22:19:51.319537,2026-09-01
West,2026-09-01 13:00:00,335.793047844476,2026-08-28 22:19:51.319537,2026-09-01
West,2026-09-01 14:00:00,347.8841830760534,2026-08-28 22:19:51.319537,2026-09-01
West,2026-09-01 15:00:00,393.7565796483706,2026-08-28 22:19:51.319537,2026-09-01
West,2026-09-01 16:00:00,401.70691701460805,2026-08-28 22:19:51.319537,2026-09-01
West,2026-09-01 17:00:00,412.6960621362246,2026-08-28 22:19:51.319537,2026-09-01
West,2026-09-01 18:00:00,419.5989036793325,2026-08-28 22:19:51.319537,2026-09-01
West,2026-09-01 19:00:00,419.1511826642458,2026-08-28 22:19:51.319537,2026-09-01
West,2026-09-01 20:00:00,369.37061333219214,2026-08-28 22:19:51.319537,2026-09-01
West,2026-09-01 21:00:00,352.0299212883207,2026-08-28 22:19:51.319537,2026-09-01
West,2026-09-01 22:00:00,332.6327186653633,2026-08-28 22:19:51.319537,2026-09-01
West,2026-09-01 23:00:00,345.9956583247677,2026-08-28 22:19:51.319537,2026-09-01
West,2026-09-02 00:00:00,387.1511141238596,2026-08-28 22:19:51.319537,2026-09-02
West,2026-09-02 01:00:00,362.5151610730255,2026-08-28 22:19:51.319537,2026-09-02
West,2026-09-02 02:00:00,323.8473699287549,2026-08-28 22:19:51.319537,2026-09-02
West,2026-09-02 03:00:00,322.8261361037549,2026-08-28 22:19:51.319537,2026-09-02
West,2026-09-02 04:00:00,328.9322135091661,2026-08-28 22:19:51.319537,2026-09-02
West,2026-09-02 05:00:00,365.3730170558451,2026-08-28 22:19:51.319537,2026-09-02
West,2026-09-02 06:00:00,374.4001542952279,2026-08-28 22:19:51.319537,2026-09-02
West,2026-09-02 07:00:00,383.111842674022,2026-08-28 22:19:51.319537,2026-09-02
West,2026-09-02 08:00:00,399.2619993209058,2026-08-28 22:19:51.319537,2026-09-02
West,2026-09-02 09:00:00,406.9653565171784,2026-08-28 22:19:51.319537,2026-09-02
West,2026-09-02 10:00:00,412.88252960951803,2026-08-28 22:19:51.319537,2026-09-02
West,2026-09-02 11:00:00,434.98511244162785,2026-08-28 22:19:51.319537,2026-09-02
West,2026-09-02 12:00:00,447.25616890321083,2026-08-28 22:19:51.319537,2026-09-02
West,2026-09-02 13:00:00,497.4102185003097,2026-08-28 22:19:51.319537,2026-09-02
West,2026-09-02 14:00:00,510.068093574922,2026-08-28 22:19:51.319537,2026-09-02
West,2026-09-02 15:00:00,582.8773052563455,2026-08-28 22:19:51.319537,2026-09-02
West,2026-09-02 16:00:00,613.4963404877897,2026-08-28 22:19:51.319537,2026-09-02
West,2026-09-02 17:00:00,662.8336757522975,2026-08-28 22:19:51.319537,2026-09-02
West,2026-09-02 18:00:00,678.4758355839689,2026-08-28 22:19:51.319537,2026-09-02
West,2026-09-02 19:00:00,675.3809086439858,2026-08-28 22:19:51.319537,2026-09-02
West,2026-09-02 20:00:00,565.404135548555,2026-08-28 22:19:51.319537,2026-09-02
West,2026-09-02 21:00:00,570.9316303133794,2026-08-28 22:19:51.319537,2026-09-02
West,2026-09-02 22:00:00,627.9739209479678,2026-08-28 22:19:51.319537,2026-09-02
West,2026-09-02 23:00:00,603.5461810650324,2026-08-28 22:19:51.319537,2026-09-02
West,2026-09-03 00:00:00,549.460198711535,2026-08-28 22:19:51.319537,2026-09-03
West,2026-09-03 01:00:00,512.8271251206075,2026-08-28 22:19:51.319537,2026-09-03
West,2026-09-03 02:00:00,497.8876928194592,2026-08-28 22:19:51.319537,2026-09-03
West,2026-09-03 03:00:00,464.297382925336,2026-08-28 22:19:51.319537,2026-09-03
West,2026-09-03 04:00:00,450.4577239734439,2026-08-28 22:19:51.319537,2026-09-03
West,2026-09-03 05:00:00,402.3645971509213,2026-08-28 22:19:51.319537,2026-09-03
West,2026-09-03 06:00:00,390.9363192095568,2026-08-28 22:19:51.319537,2026-09-03
West,2026-09-03 07:00:00,361.6174780540053,2026-08-28 22:19:51.319537,2026-09-03
West,2026-09-03 08:00:00,351.4168864455018,2026-08-28 22:19:51.319537,2026-09-03
West,2026-09-03 09:00:00,337.87125455325474,2026-08-28 22:19:51.319537,2026-09-03
West,2026-09-03 10:00:00,342.99483356552895,2026-08-28 22:19:51.319537,2026-09-03
West,2026-09-03 11:00:00,407.88877915156064,2026-08-28 22:19:51.319537,2026-09-03
West,2026-09-03 12:00:00,420.36317546147023,2026-08-28 22:19:51.319537,2026-09-03
West,2026-09-03 13:00:00,447.2912186546877,2026-08-28 22:19:51.319537,2026-09-03
West,2026-09-03 14:00:00,446.09271420332374,2026-08-28 22:19:51.319537,2026-09-03
West,2026-09-03 15:00:00,419.45616423612245,2026-08-28 22:19:51.319537,2026-09-03
West,2026-09-03 16:00:00,432.935498826347,2026-08-28 22:19:51.319537,2026-09-03
West,2026-09-03 17:00:00,472.89900897316363,2026-08-28 22:19:51.319537,2026-09-03
West,2026-09-03 18:00:00,506.0633172117239,2026-08-28 22:19:51.319537,2026-09-03
West,2026-09-03 19:00:00,528.1284124285024,2026-08-28 22:19:51.319537,2026-09-03
West,2026-09-03 20:00:00,567.0450024529389,2026-08-28 22:19:51.319537,2026-09-03
West,2026-09-03 21:00:00,560.9165371802441,2026-08-28 22:19:51.319537,2026-09-03
West,2026-09-03 22:00:00,493.24244099421264,2026-08-28 22:19:51.319537,2026-09-03
West,2026-09-03 23:00:00,504.70818911788183,2026-08-28 22:19:51.319537,2026-09-03
West,2026-09-04 00:00:00,503.1473024675976,2026-08-28 22:19:51.319537,2026-09-04
West,2026-09-04 01:00:00,476.3196841185966,2026-08-28 22:19:51.319537,2026-09-04
West,2026-09-04 02:00:00,457.2426481991,2026-08-28 22:19:51.319537,2026-09-04
West,2026-09-04 03:00:00,434.96552384009243,2026-08-28 22:19:51.319537,2026-09-04
West,2026-09-04 04:00:00,424.1046698286581,2026-08-28 22:19:51.319537,2026-09-04
West,2026-09-04 05:00:00,400.6527433647133,2026-08-28 22:19:51.319537,2026-09-04
West,2026-09-04 06:00:00,401.9484091102806,2026-08-28 22:19:51.319537,2026-09-04
West,2026-09-04 07:00:00,446.40031164883607,2026-08-28 22:19:51.319537,2026-09-04
West,2026-09-04 08:00:00,461.3083893086429,2026-08-28 22:19:51.319537,2026-09-04
West,2026-09-04 09:00:00,472.9198921818478,2026-08-28 22:19:51.319537,2026-09-04
West,2026-09-04 10:00:00,491.5569305244225,2026-08-28 22:19:51.319537,2026-09-04
West,2026-09-04 11:00:00,499.07534731490273,2026-08-28 22:19:51.319537,2026-09-04
West,2026-09-04 12:00:00,537.6147251737638,2026-08-28 22:19:51.319537,2026-09-04
West,2026-09-04 13:00:00,560.1523553534868,2026-08-28 22:19:51.319537,2026-09-04
West,2026-09-04 14:00:00,616.6538908425798,2026-08-28 22:19:51.319537,2026-09-04
West,2026-09-04 15:00:00,668.5535899461846,2026-08-28 22:19:51.319537,2026-09-04
West,2026-09-04 16:00:00,710.8760917720823,2026-08-28 22:19:51.319537,2026-09-04
West,2026-09-04 17:00:00,743.9748122188101,2026-08-28 22:19:51.319537,2026-09-04
West,2026-09-04 18:00:00,743.8920722275614,2026-08-28 22:19:51.319537,2026-09-04
